sector,education,draw_1,draw_2,draw_3,draw_4,draw_5,draw_6,draw_7,draw_8,draw_9,draw_10,draw_11,draw_12,draw_13,draw_14,draw_15,draw_16,draw_17,draw_18,draw_19,draw_20,draw_21,draw_22,draw_23,draw_24,draw_25,draw_26,draw_27,draw_28,draw_29,draw_30,draw_31,draw_32,draw_33,draw_34,draw_35,draw_36,draw_37,draw_38,draw_39,draw_40,draw_41,draw_42,draw_43,draw_44,draw_45,draw_46,draw_47,draw_48,draw_49,draw_50,draw_51,draw_52,draw_53,draw_54,draw_55,draw_56,draw_57,draw_58,draw_59,draw_60,draw_61,draw_62,draw_63,draw_64,draw_65,draw_66,draw_67,draw_68,draw_69,draw_70,draw_71,draw_72,draw_73,draw_74,draw_75,draw_76,draw_77,draw_78,draw_79,draw_80,draw_81,draw_82,draw_83,draw_84,draw_85,draw_86,draw_87,draw_88,draw_89,draw_90,draw_91,draw_92,draw_93,draw_94,draw_95,draw_96,draw_97,draw_98,draw_99,draw_100
agri_aqua,no education,0.8311107662149688,0.8499743636340875,0.8369271505204008,0.862461899480005,0.8468207190360709,0.8433225139344387,0.8403762198510215,0.8403507308371836,0.8306554934571269,0.8491013326372028,0.852129295890202,0.8502394079256007,0.8356593985804847,0.8511779605466139,0.8491448910748856,0.8225820520459733,0.8477962174904415,0.8561075665998936,0.8431453787366018,0.8240193548098388,0.8609939475672483,0.8603367843140838,0.8242106880719346,0.8560361031490791,0.8396760894605372,0.8291195265612343,0.8416358086146933,0.8324623648561413,0.8329763734775344,0.8310756718950008,0.8339839933169975,0.8375063606589569,0.8314137392377653,0.8370854055614488,0.8448360126367923,0.8394700135661844,0.8387260957595999,0.8441057644501531,0.8442228447744481,0.8278491750156113,0.830744095172438,0.8541664277926931,0.8499998654379667,0.8427124317344856,0.8286983245506134,0.8531871150368385,0.8465143400903755,0.8435390845743707,0.840076851558301,0.8432273570674867,0.8453504910794376,0.8453230351502903,0.8565172943957681,0.8576759686098654,0.8353144028529107,0.8444344595714232,0.8338565758581928,0.8391962619883002,0.839875227141859,0.8354725407446084,0.8325516058813652,0.8518758466216965,0.8551576588761406,0.8315650631882735,0.8453844786174276,0.8428515572562467,0.8530843730204742,0.8433700747301093,0.8530392479719094,0.8541327917182654,0.8461475855215457,0.8442807006893501,0.8515967644195058,0.8378829761176793,0.8499973154182329,0.8393379047190137,0.8472909933250428,0.8446773298149851,0.834111332497939,0.8360517933364837,0.8456352745869015,0.8497995802745685,0.849962886657565,0.849352292229339,0.8330876452186758,0.8495760730679673,0.8447625891103707,0.862927417751287,0.8442320502969513,0.8272383549978477,0.846171016794387,0.8363941784907837,0.8263045597811054,0.8368588989763024,0.8400513238392578,0.8439491067643149,0.8432260351131358,0.8507073873019942,0.8624061379370871,0.8333127889268213
agri_aqua,primary,0.10102694020803671,0.08913371154178029,0.0957048137464066,0.0845221786997361,0.0925327839762069,0.09434192047446088,0.09328072570160484,0.09770533321800157,0.10240370633336326,0.09042739609768913,0.08915953225425943,0.09064635838629109,0.09989995500358217,0.09132144486274907,0.09020747255739259,0.10548102256508485,0.0902400872811917,0.08782078733594967,0.09503839733446018,0.10620624797738043,0.08579348471910186,0.08424427077240593,0.10627797294460295,0.08822476371630061,0.09302620985174037,0.09944265836119703,0.09692789932426393,0.10025499738464116,0.10139181153669763,0.09895561233773187,0.10083531669192214,0.09694150091620346,0.10006695992303338,0.09765159771910359,0.09375133241998945,0.09822539207454906,0.09838605516672028,0.09404262522668572,0.09375705556580372,0.10272675261402853,0.09980404743396343,0.08714781671025218,0.09180191139787675,0.09288790558308868,0.09810083613445042,0.08688417362864187,0.0918911843290412,0.09266713069020127,0.09452642627299657,0.09464833084336388,0.09370495346800112,0.09251418682330148,0.08459831778574056,0.08736654485353113,0.09895682327628219,0.09110318691135288,0.09758007134881808,0.09815531982661052,0.09544860326880955,0.10018380855990705,0.10132983423355979,0.09047542956203891,0.08657940702753186,0.10017176547068896,0.09371673410504755,0.09430654571516961,0.08796581303355844,0.09298528815339713,0.08888737256694956,0.09124117437823598,0.09083833082011739,0.09367010647694607,0.08965391983465609,0.09851766318655997,0.09061979334593029,0.09731121868481529,0.09188452413395931,0.09119601278287859,0.09915867241358145,0.09887528364031861,0.09228060394792781,0.09096258929058032,0.09095346309504881,0.09185524486657093,0.09860973883045876,0.09164584971401701,0.0931311584622907,0.08368896406693793,0.09156503177134911,0.10350471146624096,0.09307586755816277,0.09576187016422522,0.10362774867164382,0.0957309572655628,0.09529911846525085,0.09274213323627234,0.09063811377038722,0.08686346184399862,0.08452268732409374,0.09872617002290751
agri_aqua,secondary,0.039475947708623615,0.03719065523606535,0.03913765417292625,0.03132347574282879,0.03598280161670897,0.03711447222197295,0.03839142308151111,0.035971910242174165,0.039389296533204,0.0356802441169044,0.03389910251320438,0.0349141152802509,0.03691672550568037,0.03290944232817683,0.03609483321066276,0.04183757344074557,0.03578724585356696,0.03337278316118053,0.03584698080395654,0.0396832183358512,0.03084846081114412,0.0332676715760567,0.040860965699326735,0.03397611840590953,0.040436922646575724,0.04182505913494794,0.034176652545011676,0.03896708808593563,0.039354998258946616,0.04029181163751938,0.03767844153277067,0.039647319236601475,0.04133090021146579,0.038472183181923136,0.03588963230023734,0.03629991494487417,0.03631725013469844,0.03585300904195332,0.03569872597543822,0.04099384051026855,0.041295178175120406,0.034565090387881026,0.033545590856808305,0.03778402224325239,0.043231708040025185,0.03481336272262692,0.035221282642511564,0.0376364470002285,0.039008118263085256,0.03627973329987344,0.03592500788583808,0.0380679921121998,0.034666079603446254,0.03221310267852373,0.0391335925054328,0.03901309551707066,0.03952642373755022,0.03744747666099357,0.03890626020312149,0.03705164232203395,0.03927006457234794,0.03392685132359252,0.03467754757364694,0.04092067804614585,0.03602712508427586,0.036379456064986826,0.03498027541200732,0.037124943949834566,0.034660324210618265,0.03143306607320939,0.035910456200141994,0.036500788879301194,0.0338461050891955,0.03589257323231165,0.0356181365525462,0.037790270920666,0.03561051783735136,0.03719626130834208,0.03904771169228083,0.03738902462275673,0.03584131314596395,0.03307284967380619,0.034495136353974054,0.035306357676470834,0.040094172851203314,0.034365706840840504,0.03595961127840763,0.030341054840980042,0.03724761575421609,0.04083277787524864,0.03629426018215387,0.03913507816542694,0.04075830596436136,0.04071874949509524,0.0377675987239825,0.037381220734799436,0.03924473486695734,0.03826560789745337,0.030336790917499856,0.04061695201724436
agri_aqua,high_school,0.014516209673780978,0.011872484476554312,0.014635181174701972,0.010924231845604426,0.012564699127255885,0.012600942427722028,0.015177793605882783,0.013386593391496726,0.014115496684944384,0.01277197091233595,0.013411095057251687,0.011926213849970835,0.01346195767095748,0.01227145889120218,0.011836593553429475,0.014996446141834485,0.013140593427227731,0.011171302087517154,0.013477043791885523,0.015385403465820957,0.01072664266599066,0.01190974413669188,0.014804425897238849,0.010486137841642651,0.01450794399113553,0.01425699971776584,0.013496600711369156,0.015002131094408733,0.012733684100276421,0.014498696308476222,0.01358223703385586,0.013131485845100821,0.013969101366707593,0.012858580468868341,0.013271404869007353,0.013339340400849165,0.013970245455226071,0.013510472220874536,0.01352469047667848,0.014536276228862,0.013732071389737643,0.011772222375161068,0.012419395206583972,0.013628328264789102,0.014964381257399073,0.013646776486805012,0.013274143309165098,0.013110541225727967,0.013712380990656525,0.0130562306337213,0.012691333744164979,0.012668085118869077,0.012034755568412714,0.011365254584267293,0.013404939894599455,0.012582780172256225,0.014283988370845324,0.013601831483645577,0.012655596581578998,0.013941890067068252,0.014567557277021081,0.012146012471411782,0.012086618639219782,0.014252360620400695,0.012677755005520597,0.013010252682435053,0.011827197331467865,0.01333869004629007,0.01149086430678159,0.01183440700870042,0.014103105457471177,0.012372862768180948,0.012675289192369377,0.01486391197614545,0.012009731905897492,0.013099086083869671,0.012685321359445556,0.013427683798240553,0.013831419623545504,0.013925338170911683,0.013771563060388403,0.013596686233860122,0.01274183145446195,0.011470848269974465,0.014854240890488257,0.01144619197464114,0.013351094854976542,0.011220906314050816,0.013663672035366226,0.015060595352565764,0.012469331081150337,0.014742528456206494,0.014932184064140208,0.013697927701975976,0.013603830471286549,0.013214342390464262,0.014226777591231698,0.012118215536802701,0.011778366823842257,0.01440565308249031
agri_aqua,tertiary,0.013870136194589877,0.01182878511151253,0.013595200385564388,0.010768214231825723,0.01209899624375732,0.01262015094140545,0.012773837759979756,0.012585432311143951,0.013436006991361493,0.012019056235867742,0.011400974285082466,0.012273904557886461,0.014061963239295316,0.012319693371258045,0.012716209603629625,0.015102905806361755,0.013035855947572061,0.011527560815459026,0.012492199333095977,0.014705775411108624,0.011637464236515016,0.010241529200761712,0.013845947386896817,0.011276876887068132,0.012352834050011197,0.015355756224854855,0.013763038804661898,0.013313418578873137,0.01354313262654494,0.015178207821271772,0.01392001142445387,0.01277333334313735,0.01321929926102794,0.013932233068656097,0.012251617773973544,0.012665339013543164,0.012600353483755322,0.012488129060333364,0.012796683207631498,0.013893955631229638,0.014424607828740554,0.012348442734012588,0.012233237100764294,0.012987312174384202,0.015004750017511892,0.011468572125087673,0.013099049628906623,0.013046796509471603,0.012676222914960622,0.01278834815555463,0.01232821382255822,0.011426700795339362,0.0121835526466324,0.01137912927381246,0.013190241470774855,0.012866477827897072,0.01475294068459354,0.011599110040450111,0.013114312804630934,0.01335011830638233,0.012280938035705957,0.01157586002126032,0.011498767883460825,0.013090132674490995,0.012193907187728392,0.013452188281161792,0.012142341202492135,0.013181003120368961,0.01192219094374114,0.011358560821588815,0.013000522000723769,0.013175541186221662,0.012227921464273206,0.012842875487303673,0.011755022777393154,0.012461519591635328,0.012528643344201007,0.013502712295553665,0.01385086377265321,0.01375856022952926,0.012471245258818375,0.012568294527184887,0.011846682438950151,0.012015256957644826,0.013354202209173827,0.012966178402534001,0.012795546293954407,0.011821657026744203,0.013291630142117317,0.013363560308096933,0.011989524384146022,0.013966344723357671,0.014377201518749216,0.012993466561063594,0.013278128500222253,0.012713196874149069,0.012664338658287977,0.012045327419751062,0.010956016997477058,0.012938435950536564
livestock,no education,0.7857728743967203,0.8070642423646016,0.8002201712571525,0.7887794662469917,0.7799434743238101,0.786296767599703,0.7804025879161369,0.7923682223714568,0.8098098336982893,0.7931955293863165,0.7980440190370558,0.7911481341611136,0.7810777409729192,0.8009433878027239,0.8107690477102181,0.7943881454928523,0.7987347140944111,0.7913121628599088,0.788163365606378,0.8155057085881592,0.7782770609311357,0.788506102314968,0.8020804056204689,0.799520311527412,0.790826243602715,0.8045837242071072,0.8016129555904168,0.7930778905756151,0.7893952513414816,0.7760972450131661,0.7588748898026575,0.8011193434424676,0.7923131024977935,0.7930202836722953,0.790182031435207,0.7719961415178777,0.7645577677075015,0.8118912271546072,0.7843520929585757,0.776712137487161,0.7838020367779556,0.7680676355904283,0.7829853291094468,0.8077262400925276,0.7897962994123304,0.7906902357775168,0.8010393491272696,0.7960611807657141,0.7858267363072963,0.7895531457894743,0.8012407228671743,0.764675293399498,0.7916600583610178,0.7890271036084999,0.7887812989117887,0.7713981846570656,0.7710592531055995,0.7963693058679517,0.8029305472538697,0.7976377275870088,0.7889886480111622,0.8024890208027992,0.7970351549560271,0.8032062019008496,0.7766564613860893,0.796044458434737,0.795560530985108,0.7937423832458297,0.7902415454201966,0.805205128639507,0.8050278272030547,0.7998712711644169,0.7952514967226653,0.8207850004411671,0.8029636158745527,0.7899211178200148,0.8005710096101255,0.7927112035055475,0.8126964337468825,0.7862814760926854,0.7988489884503732,0.783090490734018,0.7791667177182123,0.8036752351984877,0.7913415557615356,0.8077133494847162,0.8082667411558374,0.8022235567859743,0.8079578481171866,0.8028107373407304,0.7771642906975553,0.7763423393995338,0.7953724503126732,0.7996728617961972,0.8032902794482156,0.7908328603295828,0.7859164281809468,0.805252806563623,0.7927136682969956,0.7957598602420614
livestock,primary,0.12524370263369045,0.11220623085827075,0.11506701447914414,0.12529130792865717,0.12856742184769987,0.12507060224756728,0.124356059773155,0.12415355213446821,0.1138507310150626,0.12052523080287336,0.1185797625960544,0.12279263692692821,0.12952998913645797,0.11925686676600666,0.1110422232431344,0.12050907228021834,0.11641699462090394,0.12342850313538989,0.12491779751207177,0.11088534658642857,0.13149574200007497,0.12312166931157731,0.11836601184820639,0.11958622358464654,0.11830332808732125,0.112289549507538,0.1191169650867987,0.12140161429875562,0.12513312008495758,0.12742305895854644,0.14097709095797695,0.11651458944791093,0.12085175310972829,0.12136289957161717,0.12339569341043843,0.1349341647618395,0.13839758894930876,0.11171721307627003,0.1259632203439498,0.12979535534566355,0.12442627926818084,0.13261674111919675,0.12854692928444822,0.11157072294557058,0.1178976861276061,0.1199982928638853,0.11646358118869049,0.1179193804245251,0.12311661942802898,0.12372020301894948,0.11787458507706006,0.13502735245281927,0.1188428529083152,0.12529758145700742,0.1239982054750911,0.12882105943014066,0.1300901967589645,0.12174630825879051,0.11532756899751984,0.12097793628414444,0.12496706597882001,0.11781933180051674,0.11786471002985566,0.11538628307549614,0.13081516829946005,0.11958419237271845,0.11895697470940103,0.11941359093288373,0.12300708819819983,0.11913484687450182,0.11275752055413446,0.1177781546885881,0.1203186552938138,0.10802520865011667,0.11633616634078447,0.12417918482611467,0.11726993165902921,0.11850014312527535,0.11078497966976042,0.12573231287049447,0.11748253944197695,0.12709223039817485,0.12924605092271158,0.11710860561217074,0.12066789989479876,0.1148252883832519,0.11298498796093026,0.11729473458672035,0.11083706180574482,0.11671606412775715,0.13026114685801737,0.12684279490015882,0.12019638756989315,0.1153355523977333,0.11507323435689065,0.12101210825991415,0.120077565560479,0.11069750767743802,0.1231578564258311,0.11868460150631133
livestock,secondary,0.05126509221185216,0.04889606122751522,0.048826423385444184,0.05003255775786719,0.05354312260340932,0.05216271381975435,0.0543824707823628,0.0480043365176438,0.04473230117525018,0.05032514734505944,0.047599102221574596,0.050222246595762576,0.05061858169130584,0.04520349165941351,0.04617877854067454,0.049198430371210966,0.04849202223679394,0.050097630595701936,0.049828388378890365,0.04178946554505014,0.051427262064462353,0.05229377220237885,0.046554765324397285,0.048787755483616135,0.054041698333088695,0.048412781015881756,0.04372173070039642,0.04911739099410084,0.05081028730352466,0.05487534764602964,0.05695781891061058,0.049458613184248934,0.051965449074933834,0.05001364056035995,0.04993714020706619,0.05346726926816059,0.055160925702673724,0.04399016917099219,0.05096511595154163,0.054612085219944984,0.05402797433122353,0.057430701749157986,0.050285666571079135,0.04700487654793961,0.05404928256744468,0.05119001844506843,0.04671819414425138,0.05024791077666946,0.05370211415538795,0.050085852262516384,0.047258225888561545,0.06042852051288783,0.051969570787626096,0.04952957489019372,0.05143927408443938,0.05946697471821205,0.056187082991967396,0.04853652273927611,0.048810775972085274,0.04649848338042373,0.05065617785686105,0.04644161000029001,0.05005640250920462,0.04852201296430636,0.0539706061012204,0.048364082990739576,0.05013310984943409,0.05012687094532131,0.05112909466775395,0.04311989923520365,0.04643463822691085,0.04800589983329506,0.04806940960119843,0.040033737626763544,0.047959306992608086,0.05073619585659794,0.04764207412862553,0.05092250318550373,0.04457957829006842,0.05001970806424938,0.04782582271841951,0.04941228736819059,0.052687335623041176,0.04715349172226513,0.05119471858509339,0.04491147627458325,0.04525122167182016,0.045167941170542014,0.046748307409681056,0.04720936839486656,0.05453464909344041,0.05509876829048921,0.04879332507304035,0.05095108857902508,0.04732718148484394,0.0514774692727098,0.05509365884169304,0.05105137910652113,0.04740134503850868,0.05073951454394676
livestock,high_school,0.01919743265910001,0.015879511667710733,0.018533330365081757,0.01794617256669251,0.019201196163732392,0.018115245720330297,0.02205084742795116,0.01819720897069066,0.01616031780742222,0.018419612107370753,0.019237258047608785,0.017553597974214075,0.01885150248317835,0.017175024865164534,0.01537026396219221,0.01783479689016132,0.018155357226586788,0.017192141810302708,0.01914217403064067,0.01625489040466488,0.018445739013000284,0.019269043877676473,0.017014409280079135,0.015384405393043976,0.0197975731021387,0.016667282330532163,0.01752440764878016,0.019211262597714218,0.016721948211546933,0.020197309534700447,0.02115432144324947,0.016621864671035103,0.017846605773196855,0.01700736425150673,0.018868413448134613,0.020175305513379427,0.021855900064475353,0.016784406210139657,0.01977127182856897,0.01977434737919892,0.018314209327599862,0.020249954617348576,0.01910186465196162,0.017193384606751905,0.019020536886087958,0.020586714147944107,0.01792137866523802,0.017840624671164762,0.019304996147287645,0.01840821295954065,0.01698272116071342,0.02079940077178377,0.018519641730453285,0.01793707117794674,0.01795022370458832,0.01977731776276026,0.02083653524211504,0.017929460432508093,0.01611174342128019,0.017752812627677028,0.01912357228907191,0.016943111297114344,0.017855219222104313,0.01709476447183067,0.01951771463097729,0.017614304709962614,0.01733869530773513,0.018371076768549766,0.01737102441255267,0.016525678838608227,0.01853776599601409,0.016555047664695732,0.018399398134580913,0.01668680869191963,0.016470309815811324,0.0179332802711627,0.017282986834575298,0.01877333975000728,0.01592325391590277,0.018996702915324626,0.018720736625380985,0.020847929532621934,0.020014437638283034,0.01558906129666593,0.01929482053520959,0.015193738674974755,0.017040964681438786,0.017085047519219243,0.017399523528422445,0.017583520949054576,0.019259780275837746,0.021281448140841985,0.018098067206729906,0.01740499904366022,0.017296787386377743,0.01859151650045543,0.020466067043355074,0.016473894436087266,0.018895536960996884,0.018275140802415768
livestock,tertiary,0.018520898098637106,0.015953953881901684,0.01735306051317742,0.01795049549979144,0.018744785061348357,0.018354670612645063,0.01880803410039411,0.017276680005740563,0.015446816303975708,0.0175344803583799,0.016539858097706417,0.018283384341981512,0.019922185716138685,0.0174212289066914,0.016639686543780785,0.018069554965557066,0.018200911821304233,0.01796956159869667,0.017948274472019188,0.015564588875697227,0.020354195991326707,0.016809412293399384,0.0159844079268483,0.016721304011281357,0.01703115687473633,0.01804666293894086,0.018023940973607933,0.017191841533814256,0.01793939305848924,0.021407038847557347,0.02203587888550551,0.01628558925433743,0.017023089544347503,0.018595811944220886,0.01761672149915372,0.019427118938742827,0.020027817576040663,0.015616984387990973,0.018948298917363937,0.019106074568031595,0.019429500295040203,0.02163496692386835,0.019080210383064178,0.016504775807210326,0.019236195006530843,0.01753473876558531,0.017857496874550516,0.017930903361926598,0.018049533961999153,0.018232585969519155,0.016643745006490684,0.019069432863011104,0.019007876212587593,0.018208668866352196,0.017830997824092476,0.020536463431821472,0.02182693190135354,0.015418402701473544,0.016819364355245003,0.017133040120746013,0.016264535864084828,0.01630692609927975,0.01718851328280835,0.015790737587517256,0.019040049582252916,0.01839296149184233,0.018010689148321712,0.01834607810741551,0.018251247301296902,0.016014446412179306,0.017242248019885942,0.017789626649004187,0.01796104024774159,0.01446924459003307,0.016270600976243443,0.017230221226109843,0.01723399776764445,0.019092810433666174,0.016015754377385893,0.018969800057246133,0.017121912763849334,0.019557061966994582,0.018885458097751884,0.016473606170410493,0.01750100522336262,0.017356147182473913,0.01645608452997338,0.018228719937544047,0.017057259138965053,0.015680309187591335,0.01878013307514914,0.0204346492689762,0.017539769837663366,0.016635498183384168,0.01701251732367204,0.018086045637337844,0.018446280373526136,0.01652441221633061,0.0178315932776677,0.016540882905264787
professional,no education,0.2544363126334875,0.25333195468854186,0.2749901424490418,0.2648813353731858,0.2523797998574363,0.2527724651700242,0.27825980616167884,0.267624202460389,0.24541079150393433,0.2670189929072035,0.25122304100186693,0.26364283308296843,0.24600386403715518,0.26334785347472606,0.27285011705602263,0.2595593685337973,0.2668018000636391,0.2620752844950052,0.2750938272716437,0.2531201597624139,0.27220974598316683,0.2688804760365804,0.2562312137108068,0.25582739977785923,0.25870888164136363,0.27178401470827174,0.27973428944909995,0.26307634940573776,0.2665749438804496,0.28853085920665467,0.25741457444059807,0.24597418748918848,0.2598573714039792,0.2652690078667911,0.24278517481941334,0.26606301386907466,0.2661352713126275,0.26399825429545526,0.2631015529158649,0.2766480048063766,0.26380011277007,0.279645645514254,0.26970692887682074,0.2788787887748169,0.2799257383617683,0.2848743613390149,0.2613101747215927,0.2497211578858436,0.25943446566203526,0.2462729177272094,0.2703376814884946,0.2597323754326846,0.2730644447796015,0.26013249990795373,0.27327689161743646,0.26001126617547227,0.27575239225903436,0.2521911623471328,0.26892569270608363,0.2598265995435175,0.25656486532284545,0.2609879478705677,0.2736384865952184,0.27565853703786364,0.27149712936979253,0.266485017676048,0.267839859200981,0.2634002356770424,0.2786676771290951,0.2410484483052616,0.2681910270284079,0.2621100965151418,0.2563074518551147,0.25923086168289544,0.25805162566457424,0.2556085245593161,0.26311124698697685,0.2734258644162294,0.25822972444136316,0.2747549476577593,0.27775198816513097,0.2683951914142798,0.2596804655039964,0.24030647637054897,0.26841482779031534,0.27687419056027773,0.2564275570738993,0.26721475835085395,0.2774551892290789,0.2657624010589054,0.25838874046297333,0.2703080942248936,0.2721443740697604,0.24477061825872964,0.25328466888590667,0.2598189069479123,0.2696951111340335,0.2714199995334175,0.25956513422446825,0.26615480249824436
professional,primary,0.23341357976223598,0.22680600266826262,0.2307221090118699,0.24163079636857254,0.23369630114546763,0.23318622772461955,0.2292721240458146,0.24488068933546314,0.23488441927992984,0.234441002943296,0.23156376406158402,0.2372946658184003,0.23627356352961976,0.24270935018306844,0.23514670098689933,0.2342184526891395,0.23042572835138692,0.23914471308386992,0.24215682312401393,0.23795578801873013,0.24572505626407315,0.23547441383737633,0.2396263810686824,0.2389727876913635,0.22141409940333728,0.22817098529184976,0.24776792422955585,0.23591865194769351,0.24264151207473345,0.23429576237564154,0.23998794892628145,0.22832847419631586,0.23196085897834973,0.2363259867229378,0.23089667119005333,0.24453789727149994,0.2434510538141661,0.23719674342923008,0.23599094808063686,0.23933654632294904,0.23068011148114115,0.23564958083767923,0.24359742985420724,0.23299397898143587,0.22439165433252423,0.23326018070603205,0.23292008139814152,0.2256188661293443,0.22855284645472645,0.23210307919603748,0.24051311460293112,0.23228830205774292,0.2283605513622235,0.24068499936359322,0.23982011175069734,0.2243763107855697,0.23177953794845896,0.2393846349113442,0.23460424864578305,0.24147839749322708,0.23848029687782796,0.23995705100422243,0.23408089999707726,0.23704372926375544,0.2409552951266587,0.23603996085956674,0.23358513694084398,0.2307975247948043,0.2404480013026442,0.24314182366028989,0.22950648924707817,0.2354674224399554,0.2340687368567097,0.23999663893176293,0.23490634001248267,0.23723946327998985,0.23529875837257347,0.22903911561343848,0.23372097103336065,0.24153678312115423,0.23693378656745828,0.2389342835204088,0.236809592152935,0.23287428853146497,0.23226267179504934,0.24364178408723902,0.2325917087954506,0.23947734200564552,0.2305866172381263,0.2381750175476059,0.2363664519153338,0.22858940756189705,0.23840905832739684,0.2216375595444467,0.2297618326573082,0.2300599757614355,0.22256050825187845,0.22399762876803286,0.2399198659576528,0.23257770021682883
professional,secondary,0.21573756971924724,0.2314112363462974,0.21211915706472817,0.21504928698238557,0.22107964051759704,0.22241323233058008,0.21051413118053175,0.20998979773497484,0.2203222747436745,0.2165880900922622,0.2131027454817772,0.21680680519145057,0.21163403952474957,0.2065253306727185,0.2179092980321098,0.2152134597910298,0.21125800341492695,0.21867483401270404,0.20862164008787387,0.20888460005535958,0.20731822060984273,0.22057720633416844,0.2177008854105028,0.22732343161992008,0.2269789150862878,0.21600312375155173,0.1953151589342209,0.2124474522019692,0.22056222736490494,0.20654958163176917,0.21190433032508516,0.22983716528659986,0.22627236917033983,0.21691445925773645,0.21846814466270242,0.21134809906171903,0.20909299057249742,0.2115963961392524,0.20996273589320696,0.21504453468856322,0.22141485303267033,0.21307906400040166,0.20724736819617207,0.21338623289270486,0.21798277364008312,0.20869778086363122,0.20884599851022184,0.2214841084130073,0.22303821968691406,0.21764897810103684,0.21451977517480714,0.23022532828177067,0.2157192628887955,0.21402692102358511,0.21761539757103365,0.22815809039896373,0.20972185409797794,0.22267711347417307,0.22259697206794138,0.20999373078953587,0.22052845037524438,0.215545631946913,0.21767508900010146,0.2200692683519886,0.21524074400182258,0.21110503377838363,0.2180986562489703,0.21491936130856848,0.21606139783859968,0.21134151011444474,0.20748288107469848,0.21661620035003615,0.21126179304799564,0.20457055584602035,0.22306116274845794,0.22190469474439267,0.21488678057808758,0.2118511961644599,0.21666080593863413,0.20664183121778623,0.20790714718217618,0.19970199924467147,0.21417988438967228,0.22676718183655148,0.2162293665667897,0.20988344440258722,0.2133947937155964,0.20394494167312438,0.21086995701063682,0.21703092682504987,0.221662305293999,0.21137749373369136,0.211901156126725,0.23092273961386944,0.21736748435369752,0.21929186636266357,0.22076500602356447,0.22987325253965146,0.20676288018454048,0.22198430703456407
professional,high_school,0.1277926348630477,0.1218621927214385,0.12498835744050807,0.11917130125822228,0.1257858473779273,0.12262651871444652,0.13179563530820093,0.12238588784286919,0.12897897433643635,0.1237675744107618,0.13878004090469487,0.11764712027597546,0.12422908181188408,0.12105780688567525,0.11216693922950105,0.12239021783171966,0.12333709303282658,0.11666895643473318,0.12217022549921652,0.1290796231121627,0.11157447268739573,0.12734960072934653,0.12601123080818732,0.113104099976571,0.13486417922987848,0.11547243460919465,0.11683986912979993,0.13044776327524343,0.11170378734749797,0.1131041300483625,0.12086278504370063,0.1261312990003669,0.12353587889070283,0.11407560762663094,0.13386445680913495,0.1219012968211235,0.12662672092774419,0.12691161779839388,0.12653685756601352,0.11847285021046627,0.11710911968758819,0.11292401574102107,0.1197641188643559,0.12055371980914953,0.1183414797246285,0.12841697052782397,0.12546728089952364,0.12681206459841132,0.12753547290210743,0.12821179126306315,0.11911117380654901,0.12518208937283903,0.11897331690580082,0.1203819225422047,0.11653459494270313,0.11984555635954819,0.11790098194089638,0.13205603100322771,0.11457634608730716,0.12500785487652322,0.13250755929249347,0.1233388661939423,0.12041041988961165,0.12042059066691835,0.11896923079458821,0.11879887736505768,0.11722463028269914,0.12343448410095004,0.11135285450918364,0.12967495146451402,0.12977464851231946,0.11651662718610212,0.1274673763013896,0.13502675806574038,0.12164503420466832,0.12418431451618206,0.12201624126814781,0.12054927683909678,0.12273775212529447,0.11897129650204652,0.12493857945873688,0.12888046065351522,0.12711656801615956,0.12190615210307365,0.12759720410881137,0.10727970114495466,0.12778800393049128,0.11818616891104183,0.12133429370014392,0.1270780365030334,0.12280035448755577,0.12621494768578068,0.12100529118846337,0.13023732185412518,0.12715425337425856,0.12527931154574568,0.1295684972166068,0.11753020986658536,0.12843689011355208,0.1262517263704398
professional,tertiary,0.1686199030219816,0.16658861357545962,0.15718023403385206,0.1592672800176338,0.1670584111015717,0.16900155606032963,0.1501583033037739,0.15511942262630385,0.170403540136025,0.1581843396464765,0.16533040855007697,0.16460857563120523,0.1818594510965914,0.16635965878381176,0.1619269446954672,0.16861850115431376,0.16817737513722042,0.16343621197368763,0.15195748401725195,0.17095982905133367,0.16317250445552156,0.1477183030625283,0.16043028900182066,0.1647722809342862,0.1580339246391328,0.16856944163913212,0.16034275825732336,0.1581097831693561,0.15851752933241403,0.15751966673757212,0.1698303612643347,0.1697288740275289,0.15837352155662843,0.16741493852590372,0.17398555251869596,0.15614969297658288,0.15469396337296482,0.16029698833766837,0.16440790554427775,0.1504980639716449,0.16699580302853034,0.15870169390664401,0.15968415420844406,0.15418727954189282,0.15935835394099584,0.14475070656349787,0.17145646447052032,0.1763638029733935,0.1614389952942168,0.17576323371265312,0.15551825492721816,0.15257190485496275,0.16388242406357867,0.16477365716266323,0.15275300411812942,0.16760877628044613,0.16484523375363236,0.15369105826412222,0.15929674049288478,0.16369341729719633,0.15191882813158875,0.16017050298435453,0.15419510451799123,0.14680787467947398,0.15333760070713798,0.16757111032094396,0.16325171732650556,0.16744839411863477,0.15347006922047735,0.17479326645548976,0.16504495413749598,0.16928965350876457,0.17089464193879034,0.1611751854735809,0.16233583736981683,0.16106300290011932,0.1646869727942143,0.16513454696677543,0.1686507464613476,0.1580951415012537,0.1524684986264977,0.1640880651671247,0.16221348993723672,0.17814590115836093,0.15549592973903426,0.16232087980494136,0.16979793648456243,0.1711767890593343,0.15975394282201405,0.15195361806540542,0.1607821478401381,0.1635100567937373,0.1565401202876544,0.17243176072882904,0.17243176072882904,0.16554993938224294,0.1574108773739168,0.15717890929231282,0.1653152295197864,0.15303146387992295
services,no education,0.49922750061465837,0.4515351431559671,0.48494205483127545,0.46308479429047356,0.48279429617849634,0.4859337126455708,0.4946152081975958,0.46011492440341606,0.4706512757880626,0.4860910893829235,0.45905439943024323,0.4668238165776592,0.47140623246295343,0.47825871788817487,0.4816832004447903,0.4862309821325259,0.4794940085244658,0.4869179863517511,0.4828117754770042,0.48528175336680746,0.49438273634480073,0.4450256439509413,0.4644301873168387,0.5068770662917658,0.4878798747243884,0.4858637683224309,0.4558502818132705,0.46804361920235915,0.47527019476983695,0.4823548306236393,0.4862909368297576,0.4910259637982642,0.46325635836829515,0.4822799244263216,0.4805897594295419,0.48221001269395597,0.4705267082924127,0.4850544535572302,0.4905936099410797,0.47734302672730117,0.47018292110127236,0.49800751054704906,0.4809167741456698,0.5030799610431086,0.48546909295592067,0.5028999674817709,0.5077443806140879,0.4786704526374468,0.49044366387995303,0.4673116908537279,0.4775525994992496,0.45452104724823184,0.4731209379125137,0.46737641358679494,0.472572560026189,0.48777993396921326,0.47104244141589474,0.4803825754879471,0.5022949838830393,0.48805227480007923,0.47371674916767953,0.4750357751058923,0.4877724384518623,0.501489995589417,0.4992800004976636,0.49410027382341587,0.47308853194871203,0.48278680506345095,0.4791845378478143,0.4791745551874659,0.4745943978102899,0.49047115386323115,0.47148347968996146,0.46618171159512173,0.4782312699490137,0.4830989413712872,0.4713040688795459,0.5046373670232971,0.4587191813428357,0.46889770923090146,0.49190320785784036,0.4941127720867616,0.46574126238232044,0.47911715521346127,0.48688550865511093,0.485444114106964,0.4773230678305635,0.4633732258396437,0.4800530920609763,0.50177249257502,0.4973425250238223,0.4711196821611925,0.49507015975799673,0.47886510100527147,0.47095523578969634,0.48635339005887285,0.4745993849039313,0.46174490926293693,0.4765821455791327,0.4730287061499063
services,primary,0.23640490355257981,0.23992617752481205,0.23254894607782534,0.2476324376449025,0.24060772469309355,0.23946873076820402,0.2288468361118578,0.2501888800886022,0.24578450624009934,0.2370287135703983,0.24341191464729045,0.2437083418485006,0.2466054101437557,0.2460328245474115,0.2371942085558647,0.23854555045967674,0.2350894224339215,0.2417252898646325,0.24214424875148216,0.2433022021053619,0.24306402069992222,0.24429389328313506,0.24786552956665275,0.23857088767216095,0.2281087523524294,0.23097814887050444,0.25073150112295206,0.2424988229260594,0.24583291660825973,0.23335716071393736,0.2436277368932654,0.23636392069779938,0.2408105489686575,0.23968514458177426,0.24141344695660433,0.2460693015608721,0.24748898371511363,0.24011885768852537,0.23822757967947839,0.24062811992908767,0.23763712576672946,0.2329429177784187,0.24479431166942733,0.22991083192820638,0.22629351059158742,0.22905814030488159,0.2324674813423231,0.23555796598270284,0.23320240212197924,0.24386380964501153,0.24285211320168593,0.242472066771942,0.2331227932007956,0.24723149121550014,0.24259993213703585,0.23021753545654922,0.23573833304962183,0.2456826849586234,0.23333547550591538,0.24384893248289025,0.24515055508840106,0.24500825043636348,0.23498883198406056,0.23404321320065802,0.23840677345375788,0.23676754849269538,0.23859200200828667,0.2355608176084686,0.24077683218158258,0.2519489004330927,0.23489387021933295,0.2380673168614903,0.24204025246674737,0.24710484900941126,0.24103399388385566,0.24255441485878987,0.2414074776281281,0.2275443444084302,0.24341679545075806,0.24435817406577065,0.23560365430695518,0.23862351395578624,0.24445552880824656,0.2440126585058549,0.2348165256312158,0.24243528099098244,0.23973598711492333,0.24526924679073503,0.2328365572801681,0.2368980295259253,0.23816539485797666,0.2342498697722336,0.2372193883093623,0.23363140600582477,0.2393814911640273,0.23512765732837454,0.2287920006853249,0.23159490844600766,0.24502146239480305,0.23815911848715537
services,secondary,0.13832811453246785,0.16538869863017214,0.1458038640809256,0.1504525568417523,0.14634456543020136,0.14618746033327723,0.1425744927356254,0.14829493259782311,0.14838840677512544,0.14551596091968388,0.15021026421459194,0.15093386469323267,0.1430349572792563,0.1397862402031117,0.14883246760311808,0.14325442367275765,0.14560789949820607,0.14425263831749202,0.14195633243796069,0.13790440329435572,0.1359840749325797,0.16245407170874748,0.15016262391667434,0.1405299745773353,0.15225868420862276,0.1476991157441785,0.14247213612119403,0.14814611226299024,0.14953020320788724,0.14525921482966775,0.13958982412821475,0.1482082435844856,0.15822765051356624,0.14621130185397946,0.14445275689706283,0.14134600649813112,0.14424680219033115,0.14180133575159182,0.13914331159607274,0.14852299631828736,0.1540714787781191,0.14170453278514772,0.14039272695243765,0.14059583162288347,0.15149213075998835,0.1391306778169732,0.13327423440789166,0.14954018156863502,0.14749099793593934,0.1489207957783948,0.14655263390285422,0.16364139444116899,0.15213025408885683,0.147585690707563,0.15087796634077155,0.15243635756963003,0.14898399201541201,0.14658303281816099,0.14351046437363824,0.1380774423350145,0.1488907764700207,0.14618498314976747,0.14698305009987478,0.143232142584104,0.1396135858594515,0.13925102655474841,0.1512634426694297,0.14584873819515376,0.14865955913514395,0.1375978653490778,0.1454909368373789,0.1427893102131802,0.14537461456093315,0.1424028963624554,0.14992179648261417,0.1464705800613042,0.14862075909941286,0.13909560901960805,0.1533557916941115,0.14551516388513352,0.14017431443914652,0.13258863350653205,0.1490465994954122,0.14839068305465386,0.14583786146204814,0.14183433431698955,0.14502043773151485,0.14463104996021026,0.1472391330547972,0.1392185106160453,0.14215581438277913,0.14960097343441847,0.13992915345320123,0.1547385688005809,0.14952355473400825,0.1465510544056492,0.15531415590202657,0.16541303599344537,0.14036289232601895,0.15343750525244748
services,high_school,0.06111727495947594,0.06704255744945087,0.06682681679507141,0.06549221190182208,0.06262668876123578,0.060568042117848386,0.06888871475477765,0.06842398868718558,0.06529229317578045,0.06387735533981431,0.0746978290648952,0.06396603244845722,0.06374740046173,0.06371510659126878,0.05992206367126662,0.062094625139828996,0.06585188687932597,0.05897245537364337,0.06519244872265817,0.0645011841457026,0.057158661343479245,0.07459017213335761,0.06698435831092675,0.05212692734045299,0.06741626206683926,0.06132323398052297,0.06961518287896484,0.07050716929795942,0.05908497332229745,0.06377966178644923,0.0607994904425756,0.05974687171140247,0.06660123144225993,0.059525354531238084,0.06551899198202538,0.06318360692275282,0.06824686141176706,0.06525851519402315,0.06405101732127061,0.06444205500645739,0.06322385879558334,0.058602655165498674,0.06348040558708745,0.06131124383534059,0.06429862347870219,0.06643112152841579,0.06024637803691191,0.06420095158458972,0.06337998187837579,0.0663247639793908,0.06358304020628402,0.06889667094711105,0.06584701401881354,0.06455127265935034,0.06360507501574864,0.060407798923513334,0.06641078656423727,0.06522215060008674,0.056257273409235364,0.06279328951855534,0.06797588751951311,0.06449471714975086,0.06298496430475609,0.06011874971870135,0.059301276973071415,0.060217661437755865,0.06341707584617073,0.06426625838842526,0.06064121466794159,0.06313879481204421,0.07077791307131343,0.058730178560044255,0.06734460455484503,0.07281897839254714,0.06231150752015213,0.061987447343260005,0.06547906578562945,0.06063040253867047,0.06758539247375639,0.06665962822297888,0.06562493995148222,0.06600819820149861,0.06847979456496778,0.0591077421485251,0.06599740231007722,0.05737729500714717,0.066223555084721,0.06650487990557274,0.06659028383881027,0.06160957731924166,0.059135347380918524,0.06985198553737493,0.061684346726339045,0.06430559396298963,0.06658667710204347,0.06345817040923452,0.07033871337161735,0.06632857798155578,0.0671824975208063,0.06733821291353015
services,tertiary,0.06492220634081802,0.07610742323959785,0.0698783182149022,0.07333799932104956,0.06762672493697297,0.06784205413509958,0.06507474820014336,0.07297727422297307,0.06988351802093218,0.06748688078718001,0.07262559264297919,0.07456794443215031,0.07520599965230457,0.07220711077003317,0.0723680597249603,0.06987441859521071,0.07395678266408068,0.06813163009248102,0.06789519461089477,0.06901045708777231,0.06941050667921811,0.07363621892381855,0.07055730088890744,0.061895144118285006,0.06433642664772021,0.07413573308236321,0.0813308980636186,0.0708042763106318,0.07028171209171863,0.07524913204630634,0.06969201170618666,0.06465500020804837,0.07110421070722117,0.07229827460668659,0.06802504473476556,0.067191072324288,0.06949064439037544,0.06776683780862947,0.06798448146209857,0.06906380201886642,0.07488461555829573,0.06874238372388586,0.07041578164537776,0.06510213157046096,0.07244664221380137,0.062480092867958525,0.06626752559878546,0.07203044822662563,0.0654829541837526,0.07357893974347496,0.06945961318992622,0.07046882059154613,0.07577900077902033,0.07325513183079158,0.07034446648025494,0.06915837408109415,0.07782444695483415,0.062129556135181785,0.06460180282817174,0.06722806086346067,0.06426603175438561,0.0692762741582259,0.06727071515944627,0.06111589890711966,0.06339836321605563,0.06966348969138447,0.07363894752740086,0.07153738074450144,0.0707378561675176,0.0681398842183194,0.07424288206168483,0.0699420405020541,0.07375704872751299,0.07149156464046447,0.06850143216436433,0.0658886163653587,0.0731886286072837,0.0680922770099942,0.07692283903853836,0.07456932459521548,0.06669388344457572,0.06866688224942152,0.07227681474905301,0.06937176107750487,0.06646270194154791,0.07290897557791687,0.07169695223827732,0.08022159750383828,0.07328093376524814,0.06050138996376775,0.06320091835450337,0.0751774890947805,0.06609695175310071,0.06845933022533324,0.07355304121022466,0.0685097277978689,0.0709557451370999,0.07491856831605426,0.07085100217923901,0.06803645719696072
small_business,no education,0.6892379371082007,0.6898264361611903,0.6867102584337688,0.7027191510495253,0.7046784839722937,0.6899757645843285,0.6871552095579232,0.6855671689545693,0.6831389651793569,0.6990973053167385,0.6899663525004649,0.6910306291296039,0.6944861274051798,0.6807113930892019,0.689248860641935,0.6867519939421057,0.6999884791922829,0.7029150666208628,0.6937287740612692,0.68892342033488,0.6959492261423862,0.6891117657257809,0.6910607328478222,0.6933721349558174,0.6962462362590248,0.6869176153611465,0.6940769004024363,0.6975100777630117,0.7030307429277172,0.6846248194653917,0.7040456545114696,0.6982252752248105,0.6939694487693602,0.6987307306931024,0.6995222722672924,0.7018797155886839,0.6982216931981552,0.6972572522269312,0.7004034940800665,0.690194123513571,0.7061291982121393,0.6940647972216158,0.7027392055340255,0.6871115683957463,0.6966958821314191,0.7022984538602577,0.6962013990618491,0.7022861182682302,0.6937727534140132,0.7006963465647623,0.6984182475465733,0.6791978736324941,0.6870320168626395,0.6863134050809003,0.6880213256486792,0.7037250880333713,0.7011376226332499,0.7027252092573377,0.6863439750708163,0.6924888946984212,0.6910620138211319,0.6933938204642517,0.6905981096829311,0.6865682490148766,0.6905656305432344,0.7046705758554955,0.6870791041001598,0.6899488113788691,0.6963232121784761,0.6854166852207276,0.696570982974467,0.6934799162458994,0.6902484327432646,0.6896601601215956,0.6965168721305323,0.6886666213305922,0.6999922592616229,0.7021156897142891,0.6997048964513657,0.6930320709391259,0.701152500020413,0.686385091308579,0.7060559415864471,0.682621182551084,0.6861585927694672,0.6842541942681956,0.6869240671791192,0.6908316049072085,0.6861056154789674,0.6954777787204885,0.7059924300519677,0.6823444566379961,0.6937619182488164,0.6795500965879936,0.6960778659843126,0.6840346459889822,0.6915594496154512,0.6982016755459838,0.6902995299422511,0.6958821435395061
small_business,primary,0.17169244640671444,0.16841231144868118,0.16862616695724164,0.1679715944619693,0.1652047792826845,0.17151245471311982,0.16731402658149197,0.17693339652330398,0.1765386585851837,0.16604139491517889,0.1709811514147156,0.17142201762184117,0.17200651169577008,0.17863996611115318,0.1699691298488063,0.1724101026284346,0.1637934174317498,0.16712442718447762,0.1710509853248806,0.1741944410510775,0.17203956882971372,0.1706966926952258,0.17355441351056144,0.17226270637868313,0.16222205954610125,0.16768400520141902,0.17297603588825217,0.167960330973016,0.16806837328962665,0.16970944333335214,0.16761228179672472,0.16662591596764909,0.16811634540408515,0.16731056298798608,0.16775816151016898,0.16951700074715237,0.1707063663172047,0.1685448728258917,0.16668989751995145,0.1711067666605005,0.16158389246304805,0.16729282750643337,0.16824803303678315,0.16910067580369104,0.16068601600863486,0.1619749947427701,0.16738046499594594,0.16296280059834112,0.16663334730715262,0.16721955576898906,0.16874392871469668,0.17470277856476657,0.16756363922925321,0.17562572748263605,0.1727061124672039,0.16023050308671805,0.16281103369459415,0.16869436650021208,0.17147377749644,0.17325861222658212,0.1729674907257811,0.1719793383973146,0.16876823630807947,0.17170772400392742,0.17233872025621633,0.16434344823675995,0.1708029126695958,0.16881253285759457,0.16867390012563743,0.18016650557329172,0.1646695680498762,0.1696790545505742,0.17127856303511446,0.17392724082830413,0.1686303450566211,0.17359504150395977,0.16655404769151216,0.16137178246816375,0.16662408189676503,0.17111299500329158,0.16498053398663526,0.17362490560934207,0.16495140960461319,0.17667589878882972,0.17047553554846984,0.17577374021501035,0.1720103908851489,0.17206742228585714,0.16850930015204324,0.16956662132146794,0.1649569356102346,0.1700136438062303,0.16963039940264812,0.17162343031272487,0.16710956817129774,0.17151348663563748,0.16322250023409668,0.16090002991079522,0.17355612438864643,0.16670129767996267
small_business,secondary,0.07819250065812133,0.08351960357083299,0.08097625485691029,0.0737556222073088,0.0747724446049911,0.07962107502645732,0.08105110008262073,0.07701941323229022,0.07976611146489376,0.07686352537846941,0.07724102757323936,0.0783224505523884,0.07396547038604828,0.07729912895325752,0.08073883131607307,0.0792502479663979,0.07591608771533365,0.07477915773581645,0.07571378610160162,0.07532412512177644,0.07371709787978775,0.08096541309004124,0.07716048002940179,0.07909793088717687,0.08220442168750197,0.08217898611785912,0.07134675001001556,0.07544644134955336,0.0751091046402882,0.08084411100872813,0.07198860222883807,0.07922153294465029,0.08061504444742251,0.07647767273705464,0.07499876472705447,0.0726207539520961,0.0732640548059853,0.0751498495971854,0.07393571052193593,0.07928811651098644,0.07641277870346419,0.07865741465154086,0.07188744531603608,0.08124847468846841,0.08152647050271988,0.07605012676351108,0.07521691361613703,0.0769129048378171,0.08046559222651117,0.07463258340997769,0.07572656398646715,0.08618629631082464,0.0821797387904678,0.07781871957252695,0.08014915027109526,0.07972720367030595,0.07592124857102689,0.07458759994610242,0.082558268867575,0.07474777346758521,0.07819065344648302,0.07643157770792419,0.08057732441489163,0.08214107766673462,0.07828132480265049,0.07340452431950684,0.08113329697600802,0.07939748929462676,0.07778561353014124,0.07443331462469172,0.07619389731793269,0.07772451506481282,0.07676462097657433,0.07425745769795089,0.07815683925879269,0.07940035270688595,0.07550878177872011,0.076490397542187,0.07578950825202146,0.07542983647612145,0.07466601720120047,0.07504490632977134,0.07287626212836606,0.08139617000318733,0.08121772498796687,0.07874946620617118,0.07863393270296204,0.07479053591875973,0.08111093378932976,0.07716247283304356,0.07473614280970098,0.0819203101146716,0.07698280667368995,0.08661733157627349,0.07723947754212002,0.08210379234632059,0.08304769287893543,0.08341390189741493,0.07474437055333305,0.07954987609542152
small_business,high_school,0.030613820696318572,0.028650092566713248,0.03242541390640563,0.02748738618647173,0.027752490851638667,0.028905464882448495,0.03439878574428645,0.03062770857153463,0.030502275374409193,0.0293775251054198,0.03281488574021629,0.028646095760336387,0.028624079481487708,0.03097059276783587,0.02839086589559947,0.030176831215862343,0.02973390830292988,0.026691613792661162,0.030360782341908532,0.030966724073738683,0.02741567172084547,0.03127341028906139,0.029636356011619513,0.02614904693216169,0.031542966827878494,0.029880973978750447,0.029945825147861482,0.03082941313252563,0.02568245545282588,0.031071489794306184,0.027406560462963303,0.027912567463061033,0.02898947155209175,0.027129336545081983,0.029529184935259467,0.0282793787981358,0.02992366635169208,0.030175884733512515,0.029798332288123897,0.02989541075484492,0.026846165847173697,0.02871511923526171,0.028294783611025554,0.03143495410752006,0.030006676504447327,0.03189078531831435,0.03024644689713929,0.028511374084740027,0.030219862437654288,0.028549778272639825,0.028492233692445912,0.030940841683875342,0.03077345408382326,0.02951352289819731,0.029297992057075728,0.027391715564297092,0.029090527115706588,0.028739233778739104,0.02875451936184814,0.02989658978477494,0.03088660606914173,0.0292740991474848,0.030205204260145613,0.030556281037931843,0.029458386684939053,0.027842544160839977,0.029502316879991608,0.03053307390936877,0.027578069805893946,0.03003145232053339,0.03197518154515455,0.028112356248761405,0.030814951889817754,0.03278626452302791,0.028165438479421212,0.029397688337195915,0.028657737238786507,0.02940835401630415,0.0284639085743571,0.02987713470734199,0.03055842239184059,0.03308964913748991,0.028619085776609654,0.02841250893769587,0.03217526503505397,0.02811972535252527,0.03128651136955651,0.02970476689854562,0.03195226710663712,0.03017953111649241,0.02726799984882977,0.033111093097681565,0.029904054688518644,0.03134754939787854,0.02963853215325052,0.031182693121446836,0.03231873961302356,0.028329636021650617,0.031191247830947066,0.0300255577225359
small_business,tertiary,0.030263295130644963,0.029591556252582252,0.031261905845673676,0.028066246094724856,0.027591801288392004,0.02998524079364584,0.03008087803367765,0.02985231271830191,0.030053989396156444,0.028620249284193378,0.028996582771363855,0.03057880693583015,0.030917811031514142,0.032378919078551505,0.03165231229758614,0.03141082424719943,0.030568107357703767,0.028489734666181987,0.02914567217034003,0.0305912894185274,0.03087843542726687,0.027952718199890647,0.02858801760059504,0.029118180846160913,0.027784315679493465,0.03333841934082493,0.03165448855143449,0.028253736781893357,0.02810932368954211,0.033750136398221886,0.0289469010000043,0.028014708399829114,0.028309689827040407,0.030351697036774872,0.02819161656022473,0.02770315091393183,0.027884219326962723,0.028872140616479136,0.029172565589922206,0.02951558256009712,0.029027964774174797,0.03126984138514821,0.028830532502129746,0.031104327004574217,0.031084954852778846,0.02778563931514677,0.03095477542892866,0.029326802210871583,0.028908444614668682,0.028901735983631105,0.02861902605981692,0.028972209808039384,0.03245115103381624,0.03072862496573936,0.029825419555945865,0.02892548964530761,0.03103956798542251,0.02525359051760867,0.030869459203320515,0.029608129822636498,0.02689323593746229,0.028921164283024714,0.029851125333952178,0.029026668276529555,0.029355937712959745,0.02973890742739771,0.031482369374244756,0.03130809255954081,0.029639204359851234,0.02995204226075554,0.030590370112569598,0.031004157889952144,0.030893431355228818,0.029368876829121482,0.028530505074632728,0.02894029612136617,0.02928717402935832,0.030613776259056036,0.029417604825490717,0.030547962874119095,0.028642526399910717,0.03185544761481762,0.02749730090396396,0.03089423971920313,0.029972881659042105,0.033102873958097634,0.03114509786321329,0.032605669989628994,0.03232188347302245,0.027613596008507546,0.027046491679266982,0.03261049634342039,0.02972082098632689,0.03086159212512951,0.029934556149019076,0.031165381907612866,0.02985161765849309,0.029154756624155453,0.03020872728482238,0.02784112496257385
trades,no education,0.557640107877619,0.5480834456696714,0.5224972994994056,0.5218261207715392,0.5189484211199857,0.5418245372928583,0.5437428855050653,0.5236398617068054,0.5148731109064407,0.5480289537373604,0.5401409265193593,0.5368331544124167,0.5199818521383035,0.5267369717302256,0.5318418488727744,0.5359304594623896,0.5293636725047532,0.5268067710448433,0.5257596728254141,0.5173929793688864,0.5144659616973668,0.536795857708613,0.5404215929964745,0.5053522955491797,0.5450252001674796,0.5306166478063574,0.5414918627491052,0.5337137672660146,0.5135516802173772,0.5350200658092827,0.5152652543702317,0.5191606125033587,0.5261710603714587,0.5512691745913288,0.532807794376942,0.5001749999928542,0.5215341707135138,0.5345573169137865,0.5526491090487042,0.5219084629724615,0.5220581730115702,0.5476920690055247,0.5361816464176248,0.5484549507785244,0.5343707077421139,0.5416507567164938,0.531117232700061,0.5436684585609386,0.5352190790990945,0.5344254474319547,0.532563841377322,0.5272778888758933,0.5252360381692317,0.5536130993673781,0.5394478448587307,0.5391919372999412,0.5173430396984793,0.5440430543184007,0.5593439648035594,0.5424674366249753,0.520191513216357,0.5311819804224915,0.5108507960914257,0.5168336354458125,0.529974015838852,0.5391670908033785,0.5322999563213239,0.5380562554240711,0.5257272589798103,0.5219259293470155,0.54176495652514,0.5031699575273322,0.5333703198746128,0.5446333754591216,0.5242359921071932,0.5320310737179239,0.5175228208834484,0.5261211970955101,0.5206207969625618,0.5403917889205645,0.5312965315120685,0.5049748358273556,0.5250589871732547,0.5264502850424229,0.5528790198811792,0.545573165155101,0.5372185294777044,0.5480165690466416,0.5319563807976407,0.5296825568274514,0.5109432521554617,0.5245976276293635,0.5538305596529783,0.5147057574553433,0.5102335706799284,0.5110731891406494,0.5171482716828161,0.5053073006624247,0.5312168441460113,0.5350300167391419
trades,primary,0.22105358223951765,0.21943649403212495,0.2244411418595963,0.23477967428180357,0.23244915907850727,0.22587913783953395,0.21734625909515704,0.23612120236344392,0.23611515373047498,0.22197791662144095,0.22554864950838382,0.2278394397715291,0.23568907058441924,0.23458120639180668,0.22579005061986224,0.22673341225998733,0.22414430956539588,0.23223258289973536,0.23212003527688396,0.23584187242316024,0.23823877234423896,0.22547681560643285,0.23007546714981109,0.2389364190168698,0.21516635688266106,0.22114501234607697,0.23096740248249636,0.22781513381547858,0.23730004583836672,0.2215949367992197,0.23688995647560007,0.2299735865752891,0.22758757637671034,0.2227138793157707,0.22916393432974136,0.24209489802954787,0.2359361014381972,0.2283200776785974,0.22250733172563497,0.2307422864212475,0.2267977839415578,0.22061383206540441,0.23133115588452202,0.2186364746057915,0.21585192200147696,0.21967650692731522,0.22669457464345233,0.22064945242087675,0.22282023649319238,0.2287123380307694,0.22999502989121434,0.2275741863008961,0.22236529308246777,0.22607161694358036,0.22703915731022062,0.21858499705177092,0.22633235281537645,0.2297562667984444,0.21842292934020968,0.2300129198308758,0.2347031210621503,0.23187445408103768,0.2300258646498824,0.2304694433309472,0.23079495659241012,0.22571238107025582,0.22550634498744426,0.22285464777485886,0.23021866117697098,0.2414792745111024,0.21994186952146422,0.2352978255840542,0.2280405194292343,0.22846504323881012,0.23067344416750357,0.23086260108206325,0.23153995721724108,0.2225899176614745,0.23067216092592446,0.22773070918048277,0.22633720423388104,0.23618393327020903,0.23150076656022422,0.23297294702557103,0.218779519012691,0.2273568088303055,0.22589756427939345,0.22549206369037378,0.22152931255012775,0.22998358184422885,0.23501291141282266,0.2232413833518816,0.2221074715001794,0.22625536484397868,0.23136044232215003,0.22983994583376743,0.2205056050898434,0.22384579793789505,0.23214500872412525,0.22438956131816024
trades,secondary,0.11893224313456896,0.1306240273014001,0.13314599558166518,0.1303814585848816,0.13388144459497875,0.12693836600780983,0.1261974826001553,0.12701350452315596,0.13322927201349544,0.12447010592195562,0.12333439732835161,0.12700764586706692,0.1270528236662094,0.12398623424424604,0.13147985117626504,0.12654840292684733,0.12901478143936917,0.13054279089452847,0.12764689040729416,0.12743092172073267,0.1293454804957398,0.13025460370258024,0.12427310262633628,0.14107153324671318,0.13212546939523628,0.13242720788630014,0.11555437227527865,0.12617508776778308,0.13608138620232146,0.1277365802726581,0.12995325230261112,0.13821741765367157,0.13582547259067979,0.12276843820184336,0.1268814473411547,0.13529179804189861,0.12730303174670432,0.12534590101788157,0.11882681505599646,0.13316443417672774,0.1359540436833765,0.12490434441198695,0.1222470058221985,0.12527651676897011,0.13455067415482447,0.1262281078104478,0.12566657415755833,0.12730629611956767,0.1319263073110699,0.12629398437188322,0.12781932322274758,0.13723219901667183,0.1342937789464268,0.11871693869408417,0.12771688189136243,0.13416959664693662,0.13349573547528593,0.12461419916941918,0.12370082365456536,0.12024148780157096,0.13279140990745275,0.1271498573608757,0.13897540318032287,0.137853001027885,0.1291613918699407,0.12432098056681085,0.13085012407194663,0.12723989551761317,0.13251642292195154,0.12363015645863096,0.12356813628133867,0.13844884748277286,0.12494436286615318,0.11726220568303414,0.13383106558118185,0.1295357222536252,0.1329291628958642,0.13191051239941276,0.132245118045762,0.12196253868718343,0.12713141194103827,0.1291498219703865,0.12904284972748403,0.13186327343962534,0.12346324969382894,0.12175070654261588,0.12509429445430498,0.11738871424830488,0.12982787613603575,0.12970857939816682,0.13743056620397054,0.1317188619689963,0.1203458821644493,0.14193643015265833,0.13616524853989764,0.13804172410249715,0.140481501447417,0.14947688592935038,0.12263526826091264,0.1317350802841898
trades,high_school,0.05032520339128688,0.04889831906041109,0.0591966756948078,0.05414553546944745,0.055665670898437214,0.05038073286391054,0.058643420511632516,0.055703155268133075,0.056566363375909146,0.052084802693237786,0.05742590773484446,0.05094422624684747,0.054527342949494906,0.05445853474096529,0.050898100918292055,0.0527941576384966,0.05608417661292153,0.051750879036655206,0.05668218019376603,0.058135647066910434,0.05355313533192119,0.055337447293975495,0.05221542154393821,0.05238946885703588,0.055835540569025066,0.05307398256810236,0.052897708697656864,0.056962853873262276,0.052161237287784434,0.05382407339482553,0.05535108316681514,0.054477011773152784,0.05426215031957915,0.047451450945277474,0.055239555700221876,0.05961524996475054,0.05783547614731821,0.055511028209700664,0.052211628133609134,0.05574495469137142,0.05348329521040851,0.04976152788228161,0.053006192942469554,0.05277420549344747,0.054887667124182804,0.05847126150811599,0.05581869815951834,0.051931434986091984,0.0547074920523658,0.0533428639435537,0.0531193678741243,0.05431743809290124,0.05570616853435728,0.04863260597345831,0.051081189670552085,0.051034921276216005,0.057309191291086914,0.05276493548212069,0.04647996495181439,0.05250113085525521,0.05836917537135655,0.053683412387943164,0.05844412681118183,0.0571577004455438,0.053590116955364864,0.05196889125228521,0.05233326413653183,0.053693168380909984,0.052109505718222926,0.05491915137497583,0.0569904197904445,0.056374545413371835,0.05513281209841603,0.05641219552498278,0.053615120201938926,0.05276302189697635,0.056421097072129944,0.056546486845817534,0.055404527325099706,0.05286145659046093,0.05771366043423298,0.06375168989221724,0.05651953662429954,0.05062041958769259,0.05307549512908094,0.047117807549243995,0.05451027104902628,0.05062040789206623,0.05632698694483296,0.0561740504222884,0.056558238960548124,0.0588626779112964,0.050772413882805956,0.057242993547523824,0.05871042599973164,0.05858378985687218,0.06134788293250004,0.05768663126709228,0.056269893005637894,0.05496431908449251
trades,tertiary,0.052048863357007535,0.05295771393639248,0.06071888736452513,0.05886721089232816,0.05905530430809103,0.05497722599588739,0.05406995228798983,0.057522276138461614,0.059216099973679714,0.05343822102600526,0.053550118909060807,0.05737553370213977,0.06274891066157295,0.06023705289275638,0.059990148412806255,0.05799356771227915,0.06139305987756016,0.05866697612423766,0.057791221296641715,0.06119857942031026,0.06439665013073326,0.052135275688398375,0.0530144156834399,0.06225028333020144,0.05184743298559802,0.0627371493931631,0.05908865379546291,0.055333157277461464,0.060905650454150195,0.06182434372401391,0.06254045368474193,0.05817137149452789,0.056153740341572056,0.05579705694577963,0.055907268251940034,0.06282305397094878,0.05739121995426644,0.05626567618003386,0.0538051160360552,0.05843986173819182,0.06170670415308699,0.05702822663480234,0.05723399893318515,0.05485785235326657,0.06033902897740184,0.05397336703762723,0.06070292033941005,0.056444357912525,0.05532688504427741,0.057225366221838936,0.05650243763459173,0.053598287713637505,0.062398721267516444,0.052965739021499036,0.05471492626913421,0.05701854772513526,0.06551968071977143,0.048821544231615,0.052052317249851154,0.05477702488732272,0.05394478044268336,0.05611029574765192,0.061703809267187215,0.057686219749811474,0.05647951874343238,0.05883065630726958,0.0590103104827534,0.058156032902546895,0.05942815120304423,0.05804548830827527,0.057734617881612604,0.06670882399246891,0.05851198573158367,0.05322718009405136,0.05764437794218247,0.0548075810494113,0.06158696193131641,0.06283188599778511,0.061057396740652026,0.05705350662130837,0.05752119187877924,0.06593971903983165,0.057877859914737484,0.05809307490468818,0.051802716283219974,0.058201511922733595,0.05727934073957086,0.05848224512261346,0.0603594435713628,0.05445123150786457,0.06005503126719702,0.06157944913846225,0.052943672799587005,0.05985945400049586,0.06353031245829233,0.062461351066213866,0.06051673884742348,0.0636833842032376,0.05773298586331288,0.053881022574015613
