sector,urban,admin,pred_med,pred_80lb,pred_80ub,pred_90lb,pred_90ub
agri_aqua,rural,Bakel,63255.5,41606.4,97920.20000000001,36646.15,109464.74999999999
agri_aqua,rural,Bambey,40876.5,27830.300000000003,60836.3,24797.9,68185.09999999999
agri_aqua,rural,Bignona,70935.5,48165,102857.2,42136.649999999994,116368.34999999999
agri_aqua,rural,Birkelane,99699.5,76772.5,130184.6,70445.05,140472.35
agri_aqua,rural,Bounkiling,103569,82955.4,133825.30000000002,77423.90000000001,142713.85
agri_aqua,rural,Dagana,193626,145775.9,266532.9,132793.15,292039.54999999993
agri_aqua,rural,Diourbel,42186.5,33380,53520.700000000004,31464.149999999998,56221.54999999999
agri_aqua,rural,Fatick,44939,36547.9,55907.50000000001,33894.95,59756.34999999999
agri_aqua,rural,Foundiougne,175159,146917.8,211418.1,140046.8,222707.1
agri_aqua,rural,Gossas,116552,80544.1,160538.2,73161.8,177823.8999999999
agri_aqua,rural,Goudiry,129281,90559.70000000001,190642.2,80547,215211.4
agri_aqua,rural,Goudomp,82706,63647.7,107097.7,59231.65,115155.84999999999
agri_aqua,rural,Guinguineo,112789.5,84150.3,152393.4,76946.95,164480.14999999997
agri_aqua,rural,Kaffrine,120624.5,97209.59999999999,148726.5,91199.55,157604.39999999997
agri_aqua,rural,Kanel,86782,56318.5,134685.40000000002,49545.3,154805.69999999998
agri_aqua,rural,Kaolack,91519,77960.2,107252.2,74480.79999999999,111649.14999999998
agri_aqua,rural,Kebemer,113967,87351.5,150854,79402.75,161529.15
agri_aqua,rural,Kedougou,67053,45446.4,97680.6,41855.049999999996,111537.29999999999
agri_aqua,rural,Kolda,99811.5,80225.3,123017.1,76489.75,130013.75
agri_aqua,rural,Koungheul,83767,68145.7,102224.7,64177.45,107391.7
agri_aqua,rural,Koupentoum,55735,44544.9,70099.2,41849.2,74928.09999999999
agri_aqua,rural,Linguere,86932.5,63397.4,119999.90000000001,58361.25,131538.55
agri_aqua,rural,Louga,53388,41247.3,69538.5,38016.350000000006,75055.55
agri_aqua,rural,M.backe,70213.5,50455.7,96999.1,46174.1,105659.05
agri_aqua,rural,M.bour,68547.5,46674.200000000004,98019.70000000001,42593.25,113365.94999999998
agri_aqua,rural,Malem.Hoddar,93136,68697.4,127800.8,61674.700000000004,140490.55
agri_aqua,rural,Matam,43928.5,30934.5,64199.4,28512.75,70714.2
agri_aqua,rural,Medina.Yoro.Foulah,172085,136453.6,214904.30000000002,127796.35,228832.65000000002
agri_aqua,rural,Nioro,103844,90421.7,118895.7,86967.2,123391.79999999999
agri_aqua,rural,Oussouye,128727,79429.79999999999,200183.2,68956.9,233014.04999999987
agri_aqua,rural,Podor,66125,45504.5,95050.5,40530.3,105665
agri_aqua,rural,Ranerou,92196,48691.2,166910.5,41517.75,201642.24999999994
agri_aqua,rural,Rufisque,131038.5,76159.6,223551.2,64626,266522.8999999999
agri_aqua,rural,Saint.Louis,85451.5,61285.5,123369.40000000001,56528.55,135146.24999999994
agri_aqua,rural,Salemata,80671.5,58673.6,109209.8,52486.100000000006,120332.54999999999
agri_aqua,rural,Saraya,62791.5,45980.8,89300.1,41858,98656.1
agri_aqua,rural,Sedhiou,118461,85099.9,169110.8,76813.2,188776.35
agri_aqua,rural,Tambacounda,51684.5,39400.4,69305.4,36872.6,75138.7
agri_aqua,rural,Thies,159781,117919.20000000001,216285.7,105722.90000000001,230907.8
agri_aqua,rural,Tivaouane,162184,128951.70000000001,206349.6,119131.4,224183.65
agri_aqua,rural,Velingara,74330.5,61627.9,89586.3,58699.45,95895.25
agri_aqua,rural,Ziguinchor,69910,42408.4,115769.40000000001,36541.75,135553.99999999997
agri_aqua,urban,Bakel,197903.5,82150.20000000001,443802.7,62802.200000000004,547921.8499999999
agri_aqua,urban,Bignona,68853,31661,137893.80000000002,24971.5,164553.2999999999
agri_aqua,urban,Birkelane,166040.5,88763.8,301884.8,75147,350421.49999999965
agri_aqua,urban,Bounkiling,160653.5,105132.7,247303.4,89838.7,275292.5
agri_aqua,urban,Dagana,202843.5,136785.3,309300.7,120123.85,343282.94999999995
agri_aqua,urban,Dakar,174479.5,80678.20000000001,385504.10000000003,63836.6,495595.4999999998
agri_aqua,urban,Diourbel,69984.5,39978.600000000006,122091.20000000001,35077.5,147346.64999999997
agri_aqua,urban,Fatick,61242.5,36814.2,100348.40000000001,32618.3,112027.44999999998
agri_aqua,urban,Foundiougne,136597.5,102204.90000000001,186039.1,92270.05,202165.15
agri_aqua,urban,Gossas,64279,30969.4,130232.3,25566.7,162235.19999999998
agri_aqua,urban,Goudomp,101458.5,67353.1,155993.30000000002,57867.3,171689.95
agri_aqua,urban,Guinguineo,216573.5,136267.5,333982.8,118545.3,377721.7499999998
agri_aqua,urban,Kaffrine,194327.5,135309.5,278190.10000000003,123820.1,311975.25
agri_aqua,urban,Kanel,151297.5,93083.20000000001,238656.8,82304.95,270734.05
agri_aqua,urban,Kaolack,261621.5,157596.2,450103.10000000003,131571.2,524475.2
agri_aqua,urban,Kebemer,133566,63989.4,276587.9,49041,333270.85
agri_aqua,urban,Kedougou,87707,57435.1,128306.1,49805.45,142607.49999999997
agri_aqua,urban,Kolda,74101,48332.600000000006,116500.8,42286.75,130635.34999999999
agri_aqua,urban,Koungheul,114585,69383.1,205255.2,57269.95,237949.84999999998
agri_aqua,urban,Koupentoum,92100.5,40655.9,223746.6,31129.950000000004,271809.55
agri_aqua,urban,Linguere,132292.5,85929.1,200527.9,74736.90000000001,232421.39999999994
agri_aqua,urban,Louga,75945,37570.5,147794.7,31726.55,175296.79999999996
agri_aqua,urban,M.backe,98952,49971.9,186650.30000000005,42401.25,223924.99999999988
agri_aqua,urban,M.bour,330240,154380.7,652575.3,129649,784859.85
agri_aqua,urban,Malem.Hoddar,168396,92235.20000000001,313418.7,77363.55,385367.69999999995
agri_aqua,urban,Matam,61491,28706.4,140542.00000000003,23652.550000000003,180454.94999999998
agri_aqua,urban,Nioro,172431,107564.79999999999,271705.7,92026.95,313014.64999999997
agri_aqua,urban,Pikine,57913.5,24240.100000000002,153644.70000000004,19671.05,205864.34999999998
agri_aqua,urban,Podor,81063,44833.200000000004,143964.9,38305.65,167444.64999999997
agri_aqua,urban,Rufisque,150180.5,57347.8,372521.39999999997,42239.2,500842.84999999986
agri_aqua,urban,Saint.Louis,1020002.5,587757.1000000001,1774843.8000000003,511116.95,2011830.9
agri_aqua,urban,Salemata,68107,25311.800000000003,169221.09999999998,18678.95,223504.04999999996
agri_aqua,urban,Sedhiou,109971,59950.5,195761.30000000002,50503.75,223525.19999999992
agri_aqua,urban,Tambacounda,132644,69460.4,241818.00000000003,57851.85,297660.1999999999
agri_aqua,urban,Thies,1631284,1023869.6,2467487.2,896477.8,2749502.7
agri_aqua,urban,Velingara,98044,72209.8,135254.7,65955.3,145929.09999999998
agri_aqua,urban,Ziguinchor,99719,59348.200000000004,169013.30000000002,50103.75,198623.04999999987
livestock,rural,Bakel,60860,40957.2,88526,37494.55,98080.35
livestock,rural,Bambey,27262.5,20313.4,36260.9,18873.5,39911.1
livestock,rural,Bignona,44330.5,29144.8,66086.3,26567,73242.89999999997
livestock,rural,Birkelane,45148.5,30036.300000000003,70092.8,27111,75421.79999999999
livestock,rural,Bounkiling,42760,31367.9,59728.00000000001,28500.4,65722.59999999999
livestock,rural,Dagana,48112.5,35353.6,64888,32313.899999999998,69721.75
livestock,rural,Diourbel,38530,26463.8,55392.9,23893.45,61340.049999999996
livestock,rural,Fatick,18091,14560.5,22708.8,13799,24088.65
livestock,rural,Foundiougne,100881,68781.3,146371.5,62041.15,165476.65
livestock,rural,Gossas,34022,21685.8,53049.9,18500,60539.05
livestock,rural,Goudiry,64139,41099.5,101166.6,36746.45,116819.84999999996
livestock,rural,Goudomp,19290.5,11923.099999999999,30305,10338.1,34022.2
livestock,rural,Guinguineo,73268.5,50272.1,104129.30000000002,45506.4,118530
livestock,rural,Kaffrine,20975,15751.2,28369.300000000003,14299.45,30326.899999999994
livestock,rural,Kanel,91141,66902.8,122604.5,61050.65,133612.85
livestock,rural,Kaolack,45861,32656.7,65386.6,29603.6,71607.84999999998
livestock,rural,Kebemer,50343,37718.299999999996,65437.1,35129.05,68715.95
livestock,rural,Kedougou,37308.5,27196.6,49416.5,24929.9,53562.85
livestock,rural,Kolda,45718.5,33837.9,60329.8,31519,65312.75
livestock,rural,Koungheul,36815,27645.5,49381.50000000001,25104.399999999998,53883.24999999999
livestock,rural,Koupentoum,43376.5,31561.7,60399.100000000006,28817.7,65301.09999999999
livestock,rural,Linguere,93472.5,71223.8,120591.9,66379.2,131106.94999999998
livestock,rural,Louga,69380.5,54247,89565.7,49240.25,96125.45
livestock,rural,M.backe,43629.5,32305.5,59198.6,29093.300000000003,63258.85
livestock,rural,M.bour,29070.5,21697.7,37896.5,20250.649999999998,41082.899999999994
livestock,rural,Malem.Hoddar,32257.5,22150.5,45480.7,20608.449999999997,50315.049999999996
livestock,rural,Matam,97918,74273.8,129317.6,67506,138147.94999999998
livestock,rural,Medina.Yoro.Foulah,63794,44054.399999999994,95802.6,40692.700000000004,106447.90000000001
livestock,rural,Nioro,55415.5,40750.9,75506.5,36653.1,82914.69999999998
livestock,rural,Podor,90943,71451.3,115531.6,66146.15,123525.79999999996
livestock,rural,Ranerou,91311.5,65995.3,128158.5,59686.5,140341.84999999998
livestock,rural,Rufisque,132757,86711.90000000001,199962.7,77307.15000000001,231757.9
livestock,rural,Saint.Louis,85882.5,55524.299999999996,130364.1,49976.55,146974.45
livestock,rural,Salemata,27276,18748.5,39066,16453.2,42643.5
livestock,rural,Saraya,76571,54035.7,110047.90000000001,47963.700000000004,120897.49999999999
livestock,rural,Sedhiou,52425,34359.6,80418.9,30900.85,89437.84999999999
livestock,rural,Tambacounda,57373,43044.8,77900.29999999999,39222.1,85053.34999999999
livestock,rural,Thies,51225,36832.299999999996,70014.80000000002,34454.85,77540.6
livestock,rural,Tivaouane,53835.5,38890.4,74648.3,35200.4,82629.65
livestock,rural,Velingara,74309.5,56900.200000000004,97439.70000000001,52617.6,106556.64999999998
livestock,rural,Ziguinchor,35130,19832,63490.50000000001,16062.7,73113.4
livestock,urban,Bakel,69881.5,34752.8,139782.90000000002,28187.65,165750.25
livestock,urban,Bambey,90762,49131.1,156273.40000000002,41946.1,179398.79999999993
livestock,urban,Bignona,60089,22735.100000000002,163994.60000000003,16694.65,226044.09999999998
livestock,urban,Birkelane,59926.5,36376.3,104089,31376.2,119979.9
livestock,urban,Bounkiling,39267.5,20265.2,78480.2,17105.95,93680.69999999998
livestock,urban,Dagana,48813.5,29088.600000000002,82939.2,25045.6,97220.2
livestock,urban,Dakar,85283.5,43323.9,161173.1,36610.05,191595.39999999997
livestock,urban,Diourbel,33403,22362.2,52936.1,20107.350000000002,58287.099999999955
livestock,urban,Fatick,57099,34882.5,90198.3,30638.200000000004,102514.75
livestock,urban,Foundiougne,37271.5,23606.1,59737.1,20470.100000000002,69490.49999999997
livestock,urban,Gossas,40916.5,15952.9,97763.50000000001,12360.6,131024.34999999987
livestock,urban,Goudiry,50884.5,17192.7,134809.4,12915.95,183186.19999999992
livestock,urban,Goudomp,11376.5,5158.5,24548.5,4201.5,33214.35
livestock,urban,Guediawaye,122984.5,54566.2,255740.50000000003,41638.6,300470.24999999977
livestock,urban,Guinguineo,81364.5,43562.8,144459.30000000002,35853.799999999996,169962.4
livestock,urban,Kaffrine,27225.5,18453.7,41391.700000000004,16436.55,46961.5
livestock,urban,Kanel,98104.5,67175.4,143348.6,59382.399999999994,162724.39999999997
livestock,urban,Kaolack,30550,19659.3,47427.100000000006,17759.899999999998,52539.299999999996
livestock,urban,Kebemer,67997,33348.100000000006,140945.30000000002,26834.9,169129.15
livestock,urban,Kedougou,59493.5,38122.7,89408.4,35354.05,104370.35
livestock,urban,Kolda,21909.5,11631.8,41315.50000000001,9559.2,49247.3
livestock,urban,Koungheul,68023,37627.5,125535.50000000001,31322.7,155351.15000000002
livestock,urban,Koupentoum,36949,19223.3,72632.6,15869.800000000001,88011.4
livestock,urban,Linguere,58677.5,38099.799999999996,88714.20000000001,33005.5,101373.79999999997
livestock,urban,Louga,92779.5,62959,142321.1,56722.25,164265.49999999997
livestock,urban,M.backe,42353,21473.800000000003,81850.8,18317.050000000003,102571.59999999999
livestock,urban,M.bour,46932,29964.6,72102.7,26175.350000000002,82458.54999999999
livestock,urban,Malem.Hoddar,53451.5,25362.6,111043.70000000001,20763.4,139641.74999999994
livestock,urban,Matam,78411.5,46314.600000000006,127747,38713.8,149187.84999999995
livestock,urban,Nioro,19061,8847.5,41782.9,6926.4000000000005,53586.849999999984
livestock,urban,Pikine,177511,125381.9,251247.6,111589.5,279599.25
livestock,urban,Podor,30324,12922.5,70154.70000000001,10412.8,90379.99999999999
livestock,urban,Rufisque,105487.5,61805.6,175857.2,54903.7,200813.89999999997
livestock,urban,Saint.Louis,47576,30036.7,74515.9,26834.85,85146.25
livestock,urban,Salemata,27497.5,15834.9,47535.799999999996,13652.2,56090.75
livestock,urban,Sedhiou,19900.5,7914,50879.100000000006,6215.3,63528.59999999999
livestock,urban,Tambacounda,44159,22092.5,86155.00000000001,18095.100000000002,106339.74999999994
livestock,urban,Thies,85680.5,49650.600000000006,144653.2,42297.25,170943.65
livestock,urban,Tivaouane,114602.5,51578.3,242336.90000000005,41501.2,296215.89999999997
livestock,urban,Velingara,36793,20170.600000000002,64429.3,17618.1,79250.59999999999
livestock,urban,Ziguinchor,13573,8634,22087.800000000003,7489.799999999999,25916.649999999994
professional,rural,Bakel,481893,363707.4,629237.8000000002,326534.05,687733.35
professional,rural,Bambey,332027.5,247231.6,431811.2,224054.45,462964.95
professional,rural,Bignona,628961.5,489285.8,793899.8,455202.35,848667.1999999998
professional,rural,Birkelane,447455.5,338645.7,632851.1000000001,314912.2,692081.6
professional,rural,Bounkiling,433506.5,336812,560573.2000000001,317653.9,599219.7999999999
professional,rural,Dagana,396229,310585.7,505240.7,291895.95,537761.2499999999
professional,rural,Diourbel,277575.5,213111,372006.20000000007,197577.75,397132.6999999999
professional,rural,Fatick,485252.5,383308.4,617484.5,357296.7,658211.0499999998
professional,rural,Foundiougne,377877.5,310947.6,466388.1,291669.65,496618.8499999999
professional,rural,Gossas,499394.5,362665.8,672902.4,332767.2,739388.7999999999
professional,rural,Goudiry,453255,341917.9,605802,316728.15,662673.7499999999
professional,rural,Goudomp,446776.5,344010.9,576994,310401.44999999995,619621
professional,rural,Guinguineo,462452.5,361601.6,591818.5,340136.19999999995,643048.5
professional,rural,Kaffrine,388112,300118.10000000003,495698.39999999997,278975.69999999995,532522.35
professional,rural,Kanel,348037,254634.3,462222.6,233496.45,492667.2
professional,rural,Kaolack,451642.5,370040.1,547134.2000000001,352681.64999999997,576177.75
professional,rural,Kebemer,497952,398567.10000000003,625690.4,375738.9,674769.0499999999
professional,rural,Kedougou,585862.5,480019.7,733835.3,451234.95,780602.95
professional,rural,Kolda,471963,377487.7,607140.8,351998.05,641889.45
professional,rural,Koungheul,377999.5,293096.3,478106.3,270251.15,514239.24999999994
professional,rural,Koupentoum,380918.5,267298.2,505085.4,232815.1,551456.35
professional,rural,Linguere,464657,380876.9,573318.5,360598.2,613928.1
professional,rural,Louga,494999.5,393133.7,626535.5,362312.8,662098.2999999998
professional,rural,M.backe,295611.5,237601.5,363656.10000000003,222129.59999999998,386185.24999999994
professional,rural,M.bour,439777.5,355964,547977.3,330308.60000000003,584791.5499999999
professional,rural,Malem.Hoddar,422899,307625.5,583942.7,277710.14999999997,648484.9
professional,rural,Matam,473462,371767.1,591645.1000000001,348010.45,637635.8499999999
professional,rural,Medina.Yoro.Foulah,414210,295479.60000000003,570283.3,270106.2,628653.1
professional,rural,Nioro,433363,341341,536908.6,323228.10000000003,570393.85
professional,rural,Oussouye,417895,312190.7,575366.7000000001,281605.35000000003,626248.3999999999
professional,rural,Podor,368710,282764.8,464855.4,259330.90000000002,506421.6499999999
professional,rural,Ranerou,425076,299354.9,598311.5,273005.9,655267.4499999998
professional,rural,Rufisque,561977.5,479632.8,656784.2999999999,458799.35000000003,687139.3
professional,rural,Saint.Louis,422884,337499.6,549583.9,316835.75,578169.7
professional,rural,Salemata,420414.5,311572.5,555182.4,281123.45,599944.2999999999
professional,rural,Saraya,418469.5,299493.10000000003,566715.9,271476.75,642001.0499999999
professional,rural,Sedhiou,411128,323795.5,516296,301177.55000000005,551516.7
professional,rural,Tambacounda,400178.5,327349.8,495022.10000000003,307661.75,526414.95
professional,rural,Thies,423465,344796.89999999997,525941.5,328415.55,560146.0499999999
professional,rural,Tivaouane,498269,407819.1,598253.8,383559.45,625917.0999999997
professional,rural,Velingara,446401,351466.6,560174.7000000001,329679.65,605578.2
professional,rural,Ziguinchor,438768.5,347368.3,562018.2000000001,321045.3,606833.8499999999
professional,urban,Bakel,917513,669085.3,1281015.4,610685.9500000001,1401546.9000000001
professional,urban,Bambey,556799.5,415997.7,748060.5,380137.85,811939.55
professional,urban,Bignona,995196.5,670335.6000000001,1405345.5999999999,594733.1000000001,1539361.2
professional,urban,Bounkiling,632838,438364.30000000005,896043.7999999999,398829.85,974054.7999999999
professional,urban,Dagana,620528,492431.1,789957.4,460880.45,842490.65
professional,urban,Dakar,1231834,1132432.6,1353118.8,1101965.25,1387978.5999999999
professional,urban,Diourbel,382292,311508.7,462865.5,298688.2,490613.8
professional,urban,Fatick,1032659.5,835312.1,1262485.4000000001,777932.4500000001,1352611.45
professional,urban,Foundiougne,679121.5,560650.9,836933.3,530287.25,900633.7
professional,urban,Gossas,1033913,710990.5,1511408.1,653655.7,1671680.75
professional,urban,Goudiry,893360.5,635306.6,1287350.5000000002,572099.1,1461839
professional,urban,Goudomp,924760.5,741960.3,1162596.1,699560.15,1250278.4000000001
professional,urban,Guediawaye,715979.5,539892.7,958214.1000000001,502329.65,1059092.2999999998
professional,urban,Guinguineo,845883.5,607200.2999999999,1137995.7000000002,559622.8,1258778.4999999993
professional,urban,Kaffrine,630781.5,487222.5,804405.8,451980.45,869725
professional,urban,Kanel,551354.5,384717.5,778246.1000000001,337741.64999999997,863471.95
professional,urban,Kaolack,841566.5,742692.2,948264.8,718101.1000000001,979640.1000000001
professional,urban,Kebemer,1081460.5,826740.2999999999,1395473.9000000001,774155.65,1508734.9
professional,urban,Kedougou,1093149.5,933451,1280828.2000000002,892242.8,1336375.8
professional,urban,Kolda,828403,661264.5,1038509.6000000001,616042.75,1089952.4
professional,urban,Koungheul,674648,507051.7,873210.1,467117.9,944203.1999999997
professional,urban,Linguere,918059,742399.5,1149410.3,696953.7,1227940.9999999998
professional,urban,Louga,1056246.5,887409.1000000001,1232391.8,842099.45,1293281.25
professional,urban,M.backe,533459.5,422356.5,666135.1,396768.6,722140.05
professional,urban,M.bour,626781.5,523477.3,747660.7,496953.65,786208.8999999999
professional,urban,Malem.Hoddar,755401,499122.9,1127061.7000000002,428930.65,1248903.95
professional,urban,Matam,970893,769159.1,1238733,718290.6499999999,1334148.4
professional,urban,Nioro,867262,657731.7,1173824.9000000001,605297.7999999999,1266115.7499999998
professional,urban,Pikine,617828,561026.8,678947.8,546225.65,695558.7499999999
professional,urban,Podor,586337.5,419161.7,818867.2,373425.3,890639.75
professional,urban,Rufisque,1047781,867592.9,1259057.4,824424.0499999999,1323875
professional,urban,Saint.Louis,821692.5,607673.3,1076385.8,559338.85,1184763.9000000001
professional,urban,Salemata,822746.5,552561.1,1249842.4000000001,481850.25,1408816.65
professional,urban,Sedhiou,881454,714311.7000000001,1097762.2,675303.1,1156090.9000000001
professional,urban,Tambacounda,616417,510329.4,746245.8,479674.8,793751.95
professional,urban,Thies,751618,638672.1,893096.5,606389.2,937440.3999999999
professional,urban,Tivaouane,871113,712575,1078915.5,673375.05,1155079.0999999996
professional,urban,Velingara,887894,731892.4,1102678.7,679323.45,1172255.2499999998
professional,urban,Ziguinchor,695905,587902.5,825102.8,561550.8,871893.15
services,rural,Bambey,305325,242689.5,382689.9,230093.9,407727.7
services,rural,Bignona,344059.5,283538.4,420078.4,266675.8,444612.6499999999
services,rural,Birkelane,336175,253473.90000000002,459352.80000000005,234749.94999999998,502217.39999999997
services,rural,Bounkiling,346543,271202.4,445618,252835,487534.5
services,rural,Dagana,277538,218178.9,348714.89999999997,204832.40000000002,368676.94999999995
services,rural,Diourbel,219389,162062.80000000002,296581.4,149564.55,321629.5
services,rural,Fatick,235904,190802.5,297387.89999999997,176451.05,315157.4
services,rural,Foundiougne,334755.5,270315.60000000003,414614.30000000005,255632.30000000002,434930.24999999994
services,rural,Goudomp,347206,263790.6,468304.6,243956.95,508476.89999999997
services,rural,Guinguineo,348313.5,271118.9,463402.20000000007,247898.84999999998,500552.45
services,rural,Kaffrine,279561,214834.1,350173.2,197167.25,381310.39999999997
services,rural,Kanel,295916.5,218198.7,386390.30000000005,198558.19999999998,421746.5
services,rural,Kaolack,396173,330241.10000000003,477347,314615.5,508183.19999999984
services,rural,Kebemer,347662,276864.6,453202.7,257863.19999999998,490615.1499999999
services,rural,Kedougou,368987,301852.89999999997,453843.9,292141.7,480763.3499999999
services,rural,Kolda,296124,234235.5,371590.3,218384.1,401034.95
services,rural,Koungheul,292616.5,209664.1,379811.89999999997,196297.15,416516.7
services,rural,Koupentoum,314378,241158.30000000002,406884.7,221828.55,436934.2499999999
services,rural,Linguere,294030,227288.9,370932.7,210738.05000000002,393381.35
services,rural,Louga,371719.5,308772.30000000005,453689.8,291560.55000000005,487700.15
services,rural,M.backe,248276,204211.4,300237.4,192693.1,314110.2
services,rural,M.bour,410049,332704.8,500085,315097.75,531095.45
services,rural,Malem.Hoddar,342890,254276.09999999998,463134.2,231548.65,510612.14999999997
services,rural,Matam,342166.5,267919.6,439524.30000000005,247299.44999999998,465530.4499999997
services,rural,Nioro,280790.5,224883.6,348253.8,210923.7,372522.7
services,rural,Oussouye,308589,231457.7,401566.9,212312.1,441368.45
services,rural,Podor,349004.5,251256.9,463397.6,229719.9,501700.85
services,rural,Rufisque,388394.5,320267.1,475658.3,305568.60000000003,509092.75
services,rural,Saint.Louis,318899.5,251748.3,408175.5,233122.05,440952.89999999997
services,rural,Salemata,290571,206416.7,382993.60000000003,188406.8,413272.0999999999
services,rural,Saraya,368547,274609.2,511257.60000000003,257094.25000000003,553505.2999999998
services,rural,Sedhiou,351470.5,284833.1,458752.89999999997,266544.05,491300.8
services,rural,Tambacounda,312284.5,250078.4,384044.3,233837.19999999998,408173.95
services,rural,Thies,347535.5,281209.5,429320.2,267140.55,460296.85
services,rural,Tivaouane,409912,328517.3,511497.9,311121.35000000003,550475.2499999999
services,rural,Velingara,411789,326694.3,519116.9,306959,552446.35
services,rural,Ziguinchor,327990.5,271548.89999999997,402112.8,255128.85,427821.39999999997
services,urban,Bakel,592985.5,425111.8,805462.2999999999,386006.05,894735.2999999996
services,urban,Bambey,384813,293352.3,498045.70000000007,268327.45,537882.85
services,urban,Bignona,421171.5,313414.6,557291.5,280919.9,604827.4999999999
services,urban,Bounkiling,498484,359685.9,702970.2,315155.25,776121.5499999997
services,urban,Dagana,328338,249230,419172.4,231879.05000000002,454162.05
services,urban,Dakar,701451.5,638042.6000000001,772527,621493.2,801925.65
services,urban,Diourbel,249047.5,190574.1,322122.3,173708.35,347904.6
services,urban,Fatick,319607.5,254883.8,410529.8,236787.25,447137.69999999995
services,urban,Foundiougne,434380,345101.7,540188.1,320948.39999999997,575239.1
services,urban,Gossas,478548.5,318006.89999999997,720498.7,282880.05,803462.7999999998
services,urban,Goudomp,485902,349774.3,667555.2999999999,316550.30000000005,728845.55
services,urban,Guediawaye,733610,585467.2,909686.3000000002,555727.05,969318.1499999999
services,urban,Guinguineo,490338,339158.1,683422.7,309311.65,740485.1999999998
services,urban,Kaffrine,334378.5,260898.1,439511.6,242763.35,464207.19999999995
services,urban,Kanel,382601,263487.7,522822.89999999997,239390.3,572826.25
services,urban,Kaolack,513419.5,445252.2,593750.2,426984.25,616411
services,urban,Kebemer,460189,331812,628847.3,304933.25,675921.15
services,urban,Kedougou,548230.5,473596.9,639093.1000000001,455842.35000000003,660147.45
services,urban,Kolda,384002.5,301153.6,503626.4,274390.95,534899.8999999999
services,urban,Koungheul,369780,260442.69999999998,521919.5,238594.95,583910.3999999999
services,urban,Koupentoum,425832,297313.10000000003,590314.0000000001,268172.8,656700.95
services,urban,Linguere,403974.5,305547.5,527590.8,279751.5,580280
services,urban,Louga,480513,401144.2,577721.1,384590.4,609962.25
services,urban,M.backe,344719,274971.3,433533,254451.15000000002,458509.1999999998
services,urban,M.bour,645353,532166,794090.4000000001,494036.35000000003,834846.1499999999
services,urban,Malem.Hoddar,489030,333649.80000000005,707661.2000000001,300710.15,773850.3999999999
services,urban,Matam,466958,351697.39999999997,623155.4,322505.6,669807.85
services,urban,Nioro,348821,258006.7,469880.3,227642.80000000002,502659.14999999985
services,urban,Pikine,622639.5,556548.8,694998.5,540397.35,717928.1
services,urban,Podor,441731.5,302136.1,620327.2999999999,272447.75,688971.0499999999
services,urban,Rufisque,596500,490791.80000000005,731232.6,460502.3,777386.6
services,urban,Saint.Louis,429510.5,346891.3,530931.2000000001,329187.60000000003,566295.5
services,urban,Salemata,396797.5,264013.4,570632.1,232034,640543.9999999999
services,urban,Sedhiou,522023.5,404829.7,670647,374687.10000000003,725269.35
services,urban,Tambacounda,462778,373780.5,591688.3,353508.85,623202.65
services,urban,Thies,542431.5,444032.9,664804.2000000001,421710.89999999997,710609.95
services,urban,Tivaouane,512993.5,383327.6,676810.2999999999,345026.3,726632.1
services,urban,Velingara,635084.5,499068.9,794356,465622.25,856897.6499999999
services,urban,Ziguinchor,441671.5,382626.9,516916.5,365220.8,539749.35
small_business,rural,Bakel,164929,131968.1,206287.90000000002,120539.65,224396.4
small_business,rural,Bambey,106244.5,85331.9,132434,80731.15000000001,141459.35
small_business,rural,Bignona,144343.5,120178.40000000001,173145.7,114475.95,182478.2
small_business,rural,Birkelane,225443,170447.5,294512.1,156429.6,320308.74999999994
small_business,rural,Bounkiling,172380.5,139743.7,211578.2,129451.29999999999,224749.9
small_business,rural,Dagana,78328.5,61150.6,98739.3,56969.850000000006,104458.14999999997
small_business,rural,Diourbel,119370.5,98244.3,146674.5,91826.3,155832.45
small_business,rural,Fatick,77377.5,62937.2,95146.9,59344.200000000004,101163.15
small_business,rural,Foundiougne,138252.5,115862.4,165669.1,110538.6,173315.69999999998
small_business,rural,Gossas,169107,121354.4,233632.1,110606.05,256943.64999999997
small_business,rural,Goudiry,149874,108658.90000000001,207706.4,100755.3,226850.24999999997
small_business,rural,Goudomp,162667,129590,205706.7,118859.55,219232.4
small_business,rural,Guinguineo,117936,90157.9,154452.1,82789.34999999999,163815.75
small_business,rural,Kaffrine,120435.5,97286,147148.40000000002,91657.7,157932.5
small_business,rural,Kanel,103537,79463.1,135538.5,73679.55,144981.94999999998
small_business,rural,Kaolack,172712.5,139242.6,214485.90000000002,129663.25,232014.15
small_business,rural,Kebemer,110291,92715.1,132188.6,88909,139824.45
small_business,rural,Kedougou,179006,146773.19999999998,213426,140918.8,225735.65
small_business,rural,Kolda,130692,104913.4,161823.5,98368.35,171710
small_business,rural,Koungheul,135940,109597.2,168958.6,103396.8,176851.7
small_business,rural,Koupentoum,147106.5,114059.5,188585.4,107486.5,204226.24999999997
small_business,rural,Linguere,96652,80947.3,115248.3,76646.95,120845.79999999997
small_business,rural,Louga,132388.5,105932.2,163740.90000000002,99773.55,173501.69999999998
small_business,rural,M.backe,43896.5,35588.299999999996,54164.1,33400.6,56855.25
small_business,rural,M.bour,136014.5,113811.5,163360.1,107128.55,172973.85
small_business,rural,Malem.Hoddar,120285,90445.9,153914,84667.65,166104.80000000002
small_business,rural,Matam,203049,152230.30000000002,271473,141360.6,289368.2
small_business,rural,Medina.Yoro.Foulah,156913.5,110757.79999999999,221044,99364.9,243567.6
small_business,rural,Nioro,156655.5,131453.6,184222.6,126570.95,193720
small_business,rural,Oussouye,251269,170238.5,372103.10000000003,153460.75,416323.39999999997
small_business,rural,Podor,93016.5,73589.09999999999,117347.5,68828.3,125984
small_business,rural,Ranerou,190241,131883.19999999998,281632.9,120095.4,324856.35
small_business,rural,Rufisque,177793,151061.9,212982.90000000002,142742.35,222228.35
small_business,rural,Saint.Louis,119221,93932.59999999999,150033.5,86490.35,163567.69999999998
small_business,rural,Salemata,108559,77788.90000000001,149507,71519.5,161206
small_business,rural,Saraya,162538.5,136951.9,188865.8,132200.35,197860.55
small_business,rural,Sedhiou,181563,145049.2,225824.9,138205.8,238654.8
small_business,rural,Tambacounda,148965,125268.20000000001,176744.3,119080.20000000001,186894.59999999998
small_business,rural,Thies,153712.5,127109.90000000001,192694.4,120179,204769.84999999998
small_business,rural,Tivaouane,178854,150617.5,218653.80000000002,138635.75,233126.4
small_business,rural,Velingara,201704,164709.5,251360.80000000002,154630.9,265027.5
small_business,rural,Ziguinchor,142869.5,111116.8,180975.80000000002,103646.65000000001,196873.2
small_business,urban,Bakel,227245.5,171221.1,303951.3,155782.8,332686.75
small_business,urban,Bambey,142424.5,111973,178532.1,105527,190038.24999999997
small_business,urban,Bignona,179266,129826.2,234926.69999999998,119181.45,253207.55
small_business,urban,Birkelane,347187.5,239945.19999999998,510872.10000000003,212162.3,564997.25
small_business,urban,Bounkiling,245533.5,194924.8,312386.5,179846.44999999998,332972.1
small_business,urban,Dagana,74281,58349.9,92299.1,55547.9,98793.84999999999
small_business,urban,Dakar,391773.5,344596,437174.00000000006,333615.75,455165.8499999999
small_business,urban,Diourbel,143232.5,125255.3,162129.1,120762.1,167229.15
small_business,urban,Fatick,119271.5,96237.6,149083.6,90593.5,160648.55000000002
small_business,urban,Foundiougne,192042.5,163604.8,227000,155953.55,237987.69999999998
small_business,urban,Gossas,247768,183691.59999999998,336509.10000000003,168003.1,367582.4499999999
small_business,urban,Goudiry,211695,151379.5,307172.80000000005,133211.75,341439.8
small_business,urban,Goudomp,186649.5,143862.9,237404.7,134183.55000000002,256646.69999999992
small_business,urban,Guediawaye,357494.5,276178.5,463813.3,254325.5,495927.9
small_business,urban,Guinguineo,140241.5,103998.3,191743.2,94442.59999999999,205503.84999999998
small_business,urban,Kaffrine,179915.5,154300.80000000002,209266.80000000002,148796.85,218435.05
small_business,urban,Kanel,142754.5,111914.7,183965.6,104274.3,197940.24999999997
small_business,urban,Kaolack,216904,190558,248406.90000000002,184091.25,256181.45
small_business,urban,Kebemer,153829.5,124273.5,195012.6,117108.85,208793.15
small_business,urban,Kedougou,234131,203048.5,268560.1,193646.95,275675.95
small_business,urban,Kolda,175198.5,148462.69999999998,209514.3,142233.5,217672.25
small_business,urban,Koungheul,220339.5,171828.7,277962,160417.4,298745.39999999997
small_business,urban,Koupentoum,190632,134807.5,264576.60000000003,121497.6,289294.85
small_business,urban,Linguere,153060,125587.7,183009.5,120539.5,192931.85
small_business,urban,Louga,238941,202280.4,282578.7,193221.05,296622.05
small_business,urban,M.backe,53735.5,40716.4,68428.90000000001,38450.75,73213.59999999999
small_business,urban,M.bour,202188,171494,240631.3,161131,255730.8
small_business,urban,Malem.Hoddar,153628,113331.1,207695.7,104444.1,234909.69999999998
small_business,urban,Matam,354873.5,277373.5,457992.5,257919.35,497460.44999999995
small_business,urban,Nioro,199083.5,149738.5,260244.30000000005,132700.6,280242.39999999997
small_business,urban,Pikine,250107,219830.69999999998,283254.2,211416.6,292456.45
small_business,urban,Podor,116150,87823.2,156744.8,81071.05,169287.89999999997
small_business,urban,Rufisque,233771,189260.90000000002,289336.5,179529.75,305653.85
small_business,urban,Saint.Louis,157152,128613.6,188619.40000000002,120313.75,199280.84999999995
small_business,urban,Salemata,149304.5,101845.70000000001,220830.2,91899.25000000001,245806.24999999994
small_business,urban,Sedhiou,285152.5,235835.40000000002,341642.10000000003,221957.4,362515.74999999994
small_business,urban,Tambacounda,190482,161057.1,223038,153547.15,232496.94999999992
small_business,urban,Thies,248985.5,206569.5,298198.7,196623.95,316658.69999999995
small_business,urban,Tivaouane,267982.5,210995.69999999998,340585.8,197754.69999999998,362713.3
small_business,urban,Velingara,218778,177018.2,277099.9,167891.69999999998,293964.5
small_business,urban,Ziguinchor,212153.5,179766.5,248531.30000000002,171221.6,258782.7
trades,rural,Bakel,393968.5,292065.3,553280.1000000001,264198.75,603426.2
trades,rural,Bambey,331036.5,225581.1,471819.80000000005,194425,524555.4999999999
trades,rural,Bignona,289758.5,229995.09999999998,362274.4,217858.65,388228.1499999999
trades,rural,Birkelane,261900,183051.7,381887.1000000001,165366.85,430618.2
trades,rural,Bounkiling,268712,208451,341162.7,197070.75,359785.25
trades,rural,Dagana,265386,201297.4,342067.30000000005,188934.30000000002,371211.29999999993
trades,rural,Diourbel,280410.5,218579.1,369773.7,201811.90000000002,411442.44999999995
trades,rural,Fatick,205115,162163.7,259437.10000000003,152976,276595.95
trades,rural,Foundiougne,347007,268685.39999999997,431682.19999999995,247983,464789.7499999998
trades,rural,Gossas,330934,225107.5,453364.9,203530,498064.8
trades,rural,Goudiry,288561.5,206410.6,397467.4,181292.7,455576.1499999999
trades,rural,Goudomp,305213,237206.90000000002,384784.2,220308.5,409944.5499999999
trades,rural,Guinguineo,213391.5,142140.5,309029.6,124619,351035.39999999985
trades,rural,Kaffrine,286135,201896.5,398706.30000000005,181776.84999999998,437191.55
trades,rural,Kanel,219318,158368.9,291564.69999999995,144476.6,317494.39999999997
trades,rural,Kaolack,426004,338741.19999999995,525279.9,321428.44999999995,556412.65
trades,rural,Kebemer,322831,243551.3,426729.80000000005,229287.35,462375.6
trades,rural,Kedougou,368069,264511.10000000003,489606.6,243041.19999999998,530517.6499999999
trades,rural,Kolda,208196.5,159743.40000000002,272844,148134.6,296190.35000000003
trades,rural,Koungheul,257286,187825.40000000002,353195.2,170701.15000000002,385591.75
trades,rural,Koupentoum,322521.5,227534.7,461954,201322.15,505731.19999999995
trades,rural,Linguere,302575,229518.7,398353.9,209108.3,430945.05
trades,rural,Louga,350520.5,269717,462444.1,243967.95,491605.39999999997
trades,rural,M.backe,312864,255885.2,384346.60000000003,241342.55,401057.24999999994
trades,rural,M.bour,376549,297690.6,475833.10000000003,277964.9,506886.1499999999
trades,rural,Malem.Hoddar,276655,188301.5,414134.5,166546.05,459562.7999999998
trades,rural,Matam,278503,198504.1,370676.7,186356.5,408844.6499999999
trades,rural,Medina.Yoro.Foulah,274692.5,188734.5,400267,168538.85,442490.19999999995
trades,rural,Nioro,252472.5,199490.09999999998,322125,185754.5,337789.64999999997
trades,rural,Oussouye,247611.5,175211.2,344557.19999999995,154879.75,371417.1
trades,rural,Podor,383291.5,295134.8,493061.5,274661.8,524129.9999999999
trades,rural,Rufisque,586168.5,504407.3,685048.8,482992.1,722164.45
trades,rural,Saint.Louis,328619,239978.5,439122.6,216493.4,479557.0499999998
trades,rural,Saraya,360023.5,257668.9,496971,236355.34999999998,550744.2
trades,rural,Sedhiou,289678.5,221701.80000000002,388431.6,207574.94999999998,416086.24999999994
trades,rural,Tambacounda,574924.5,472287.1,678766.9,436574.75,712329.5499999999
trades,rural,Thies,334906,267524.1,416025.9,251399.90000000002,439865.55
trades,rural,Tivaouane,477547.5,390614.80000000005,596087.3,367448.25,631085.25
trades,rural,Velingara,233808,175175.6,313535,163484.9,339486.94999999995
trades,rural,Ziguinchor,252895,181947.80000000002,353596.7,163235.6,384285.35
trades,urban,Bakel,629734.5,394544.8,1068822.5,338223.7,1233481.3499999999
trades,urban,Bignona,336606,246187.69999999998,476149.10000000003,227080.9,526880.9
trades,urban,Birkelane,425126,256852.3,735020.7000000001,215054.3,895101.7999999999
trades,urban,Bounkiling,609281.5,415980.4,864328,373250.85,950486.5499999997
trades,urban,Dagana,624610.5,529020.1,731198.8999999999,501375.6,767194.9
trades,urban,Dakar,1054627.5,877446.5,1247129.8,845943.25,1305400.45
trades,urban,Diourbel,584084.5,428011.10000000003,792000,388965.05,863284.0499999998
trades,urban,Fatick,273247,181818.7,406895.7,160465.15,458911.49999999994
trades,urban,Foundiougne,316281,246342.80000000002,442951.10000000003,225197.25,484708.2
trades,urban,Gossas,608404,364897.4,963898.0000000001,313792.8,1164752.5999999996
trades,urban,Goudiry,452041,290583.3,717236.0000000001,253528.05,825609.2999999999
trades,urban,Goudomp,568877.5,410393.39999999997,798882.9,374699.35,889114.85
trades,urban,Guediawaye,537760,391940.80000000005,759488.7000000001,347763.8,841930.7999999999
trades,urban,Guinguineo,336277.5,219694.4,533703.7000000001,193415.05,597338.3999999998
trades,urban,Kaffrine,518030,346903.89999999997,781494.2000000001,314753.80000000005,881971.5499999998
trades,urban,Kanel,338975,241623.4,464408.9,223587.25,505455.9999999999
trades,urban,Kaolack,662822,579478.3,754348.4,556213,793851.6
trades,urban,Kebemer,505028.5,321294.7,748745.4000000001,277339.95,853187.3999999998
trades,urban,Kedougou,830906.5,661951.4,1039896.4,620765,1126652.5999999999
trades,urban,Kolda,325009,255803,423652.6,235531.80000000002,449720.35
trades,urban,Koungheul,421720.5,275457.9,650044.6000000002,240408.05000000002,742872.3499999997
trades,urban,Koupentoum,570818,330303.5,941659.2000000001,275457.65,1126417.35
trades,urban,Linguere,393221,263033.3,578093.2000000001,236197.25,664155.45
trades,urban,Louga,801839.5,698113.3,919041.7,669427.1499999999,961408.3499999999
trades,urban,M.backe,474233.5,374199.1,608882.4,347211.5,661227.6
trades,urban,M.bour,876283,745582.9,1035195.2000000001,718335.6,1082288.4
trades,urban,Matam,462598.5,330256,654866.1000000001,294804.6,729506.8499999999
trades,urban,Nioro,499619.5,332334.10000000003,750007.4,284965.1,870634.95
trades,urban,Pikine,763349,693892.5,843383.3999999999,678816.6000000001,861482.6499999999
trades,urban,Podor,417203.5,243170.59999999998,687882.2000000001,205623.05000000002,772000.85
trades,urban,Rufisque,670648.5,552078.8,824771,527119,884181.7
trades,urban,Saint.Louis,571812.5,455839.10000000003,703348.5,434299.1,757831.4500000001
trades,urban,Sedhiou,619683.5,434650.10000000003,855841,393626.95,924721.0499999999
trades,urban,Tambacounda,685139,483795.2,944034.1000000001,445492.39999999997,1065128.3999999997
trades,urban,Thies,790850.5,666797.7000000001,930835.6,641014.55,968484.2
trades,urban,Tivaouane,864353,655535.6000000001,1135836.8,605697.75,1255019.6499999994
trades,urban,Velingara,508965.5,375553.3,655885.8,342950.2,711521.5999999999
trades,urban,Ziguinchor,379563.5,302286.10000000003,472865.5,285422.85,511583.59999999986
