admin1,admin2,urban,sector,pred_med,pred_80lb,pred_80ub,pred_90lb,pred_90ub
Dakar,Dakar,urban,agri_aqua,176707.5,77504.70000000001,355412.70000000007,61939.45,441877.5999999997
Dakar,Dakar,urban,livestock,75087.5,40989.9,138056.9,34238,166366.64999999997
Dakar,Dakar,urban,professional,1233476.5,1134737.2,1344358.6,1103729.5999999999,1375137.15
Dakar,Dakar,urban,services,701673.5,644041.4,770715.9,626414.4500000001,793053.3999999999
Dakar,Dakar,urban,small_business,390129,345027.7,441497,331605.6,456297.5
Dakar,Dakar,urban,trades,1024935,859523,1205309.6,810927.2999999999,1262235.5999999996
Dakar,Guediawaye,urban,livestock,93076,50777.9,177903,42097.35,229677.74999999988
Dakar,Guediawaye,urban,professional,707288.5,537204.8,911069.5,498650.15,972009.9999999998
Dakar,Guediawaye,urban,services,721224,581972.9,904703.7999999999,544234.7000000001,962020.4500000001
Dakar,Guediawaye,urban,small_business,359702.5,275091.7,476810.60000000003,255628.55,515109.5
Dakar,Guediawaye,urban,trades,527188.5,394848.1,743781.3,365246,807973.8999999999
Dakar,Pikine,urban,agri_aqua,64653.5,23723.3,162700.7,18690.25,206581.09999999995
Dakar,Pikine,urban,livestock,161508,107787,224493.2,97783.75,252357.30000000002
Dakar,Pikine,urban,professional,620069.5,561808.1,678146.3,544290.15,695902.1
Dakar,Pikine,urban,services,621386.5,564794.8,696586.6000000001,549023.7000000001,715071.85
Dakar,Pikine,urban,small_business,249319,220106.6,285250.4,214629,296361.44999999995
Dakar,Pikine,urban,trades,755947.5,686209.8,837340.1000000001,671217.65,853050.3
Dakar,Rufisque,rural,agri_aqua,153954,90947.8,274816.10000000003,77769.9,315203.09999999986
Dakar,Rufisque,rural,livestock,141831,90160.6,235096.30000000002,79142.9,268654.94999999995
Dakar,Rufisque,rural,professional,573421,482285.5,677581.7,457556.80000000005,715055.9999999999
Dakar,Rufisque,rural,services,401700.5,320978.69999999995,495105,297434.7,520746.35
Dakar,Rufisque,rural,small_business,180357,151652.1,211535.80000000002,144824.15,221101.69999999998
Dakar,Rufisque,rural,trades,632688.5,544027.5,738848.2000000001,511559.60000000003,770991.2999999999
Dakar,Rufisque,urban,agri_aqua,127914,52745.9,293728.7,40212.95,367421.74999999994
Dakar,Rufisque,urban,livestock,84293.5,51541.899999999994,134058.4,43161.35,154531.64999999997
Dakar,Rufisque,urban,professional,1010723.5,827686.4,1250128.9000000001,779740.5,1319336.3499999999
Dakar,Rufisque,urban,services,597364,496031.8,713211.3,470616.14999999997,744728.9
Dakar,Rufisque,urban,small_business,236553,192576.1,286605.10000000003,181789.9,307659.95
Dakar,Rufisque,urban,trades,630242,520185.9,765961.6000000001,481896.94999999995,803936.6
Diourbel,Bambey,rural,agri_aqua,39425.5,26646.2,59524.7,23399.85,66112.29999999999
Diourbel,Bambey,rural,livestock,23968.5,18057.6,31899.100000000006,16637.75,35282.15
Diourbel,Bambey,rural,professional,297339.5,199127.1,433248.60000000003,174702.2,472389.64999999997
Diourbel,Bambey,rural,services,304871,242684.2,375733.9,224934.95,404952.3
Diourbel,Bambey,rural,small_business,105225,84422.7,129746.7,80207.7,137514.15
Diourbel,Bambey,rural,trades,318332.5,204581.3,499690,178390.75,558382.6
Diourbel,Bambey,urban,livestock,90852.5,50423.7,157263.30000000002,41367.700000000004,189592.39999999997
Diourbel,Bambey,urban,professional,579764,423936.3,789631,388157.10000000003,854818.3
Diourbel,Bambey,urban,services,390530,304285.2,510513.50000000006,280163.5,550635.7
Diourbel,Bambey,urban,small_business,143450,113504.8,182460.8,104672.6,194595.54999999993
Diourbel,Diourbel,rural,agri_aqua,41777,32817.4,52259.799999999996,30591.45,56267.299999999996
Diourbel,Diourbel,rural,livestock,38226.5,26442.9,55023.5,24473.1,61026.299999999996
Diourbel,Diourbel,rural,professional,288166.5,200804.7,402916.9,182436.5,442237
Diourbel,Diourbel,rural,services,208478.5,151713.6,290185.1,140722.15,317123.35
Diourbel,Diourbel,rural,small_business,118922,98156.8,146186.40000000002,92950.15,155776.14999999997
Diourbel,Diourbel,rural,trades,257218.5,191301.69999999998,340860.7,175257.95,375300.45
Diourbel,Diourbel,urban,agri_aqua,82515,44537.299999999996,149569.6,37772.95,175401.89999999997
Diourbel,Diourbel,urban,livestock,35856.5,24097.5,53707.3,21992.45,60377.19999999999
Diourbel,Diourbel,urban,professional,389216.5,324988.8,475832.6,309288.4,503395.79999999993
Diourbel,Diourbel,urban,services,250726,192711.5,322835.4,179636.5,352203.55
Diourbel,Diourbel,urban,small_business,144781.5,127770.59999999999,164424.6,122623.05,169968.5
Diourbel,Diourbel,urban,trades,596763.5,436354.1,796336.4,403963,885836.8499999999
Diourbel,M'backe,rural,agri_aqua,81024.5,59884.6,107332.6,54928.35,117862.19999999998
Diourbel,M'backe,rural,livestock,42942.5,31784.8,59475.700000000004,29304.2,63948.45
Diourbel,M'backe,rural,professional,274291,208459.2,356363.3,193251.85,382356.35000000003
Diourbel,M'backe,rural,services,239840.5,195241.40000000002,296891.1,184093.85,317062.45
Diourbel,M'backe,rural,small_business,43773,35823.3,53859.7,33513.25,56797.049999999996
Diourbel,M'backe,rural,trades,316109.5,254936.3,395873.1,239447.35,423425.04999999993
Diourbel,M'backe,urban,agri_aqua,97633.5,53282.799999999996,181896.80000000002,45708.549999999996,219119.2
Diourbel,M'backe,urban,livestock,45366,25736.3,78695.6,20912.800000000003,92220.39999999997
Diourbel,M'backe,urban,professional,568084.5,456393.80000000005,709577.2,429521.6,753193.7999999999
Diourbel,M'backe,urban,services,343712,276008.60000000003,430840.5,257624.75,463406.60000000003
Diourbel,M'backe,urban,small_business,51881.5,40260.5,66704.8,36814.65,73517.19999999998
Diourbel,M'backe,urban,trades,470812.5,375235.89999999997,584680.7000000001,346401.7,630171.35
Fatick,Fatick,rural,agri_aqua,42806.5,34485.1,54137.200000000004,32377.850000000002,57391.19999999999
Fatick,Fatick,rural,livestock,16781,13619.6,21393.300000000003,12781,22698.8
Fatick,Fatick,rural,professional,442210.5,308846.60000000003,595408.5,274332.25,639650.9999999998
Fatick,Fatick,rural,services,229882.5,178186.7,286415.6,168114.5,308750.64999999997
Fatick,Fatick,rural,small_business,80989,63998.7,101530.3,60270.05,106952.54999999997
Fatick,Fatick,rural,trades,201388,152103,264244.5,142570.45,289082.64999999997
Fatick,Fatick,urban,agri_aqua,68791,39138,117685.70000000001,33579.45,139292.65
Fatick,Fatick,urban,livestock,65881,42927.3,102011,37828.4,118527.34999999998
Fatick,Fatick,urban,professional,1040524.5,848310.7999999999,1329542.6,791147.0000000001,1388984.25
Fatick,Fatick,urban,services,320072,254511,398857.3,237352.15,423403.15
Fatick,Fatick,urban,small_business,119365,97817.4,148067.5,92000.95,157880.94999999998
Fatick,Fatick,urban,trades,328902,212510.00000000003,490853.2,191695.85,533579.5499999999
Fatick,Foundiougne,rural,agri_aqua,184758,152980.7,222493.90000000002,145184.45,234031.39999999997
Fatick,Foundiougne,rural,livestock,116916,76285.8,173956.1,69796.15000000001,199008.34999999995
Fatick,Foundiougne,rural,professional,358840.5,274982.9,454689.9,254019.15,483803.65
Fatick,Foundiougne,rural,services,338518.5,274370.7,424983.10000000003,262351.8,456885.54999999993
Fatick,Foundiougne,rural,small_business,139134,117624.79999999999,164460.09999999998,112101.55,172359.69999999995
Fatick,Foundiougne,rural,trades,407535.5,311445,517197.7,288742.5,552458.6
Fatick,Foundiougne,urban,agri_aqua,132378.5,97854.90000000001,180517.8,89429.84999999999,197504.35
Fatick,Foundiougne,urban,livestock,34150.5,22477.2,52540.1,19769.399999999998,60677.2
Fatick,Foundiougne,urban,professional,692911.5,572085,862754.2999999999,542323.8,908501.1
Fatick,Foundiougne,urban,services,438915.5,350940.2,542160.9,331058.55,577594.1499999998
Fatick,Foundiougne,urban,small_business,191715,162653.7,227532.1,155841.9,239914.94999999998
Fatick,Foundiougne,urban,trades,323432.5,239962.6,442239.7,222104.4,481779.1999999999
Fatick,Gossas,rural,agri_aqua,123181.5,84958.8,178337.80000000002,76583.75,198110.64999999997
Fatick,Gossas,rural,livestock,32698,20315.7,51455.4,17513.95,59761.449999999975
Fatick,Gossas,rural,professional,445131.5,301229.9,666131.8,266972.5,760157.1999999998
Fatick,Gossas,rural,small_business,168717,121150.2,229356.5,111227.45000000001,251542.69999999992
Fatick,Gossas,rural,trades,316448.5,197294.8,478584.4,175957.75,541929.75
Fatick,Gossas,urban,agri_aqua,58876,30025,113642.6,24701.350000000002,139923.4
Fatick,Gossas,urban,livestock,47549.5,20919.3,103086,16808.7,120378.34999999999
Fatick,Gossas,urban,professional,1008884.5,718510.2999999999,1434260.6,637477.55,1604950.2499999995
Fatick,Gossas,urban,services,481632.5,321187.1,730016.0000000001,288306.10000000003,823753.1
Fatick,Gossas,urban,small_business,243968.5,178825.5,344429.39999999997,161643.30000000002,373128.4
Fatick,Gossas,urban,trades,598310,400141.1,911109.9,359441.05000000005,1017974.95
Kaffrine,Birkelane,rural,agri_aqua,101365,77366.5,133264.2,70040.05,143493.09999999998
Kaffrine,Birkelane,rural,livestock,42912.5,27423.5,66557.6,24000.9,75026.34999999996
Kaffrine,Birkelane,rural,professional,459775.5,317544.39999999997,671001.4,288171.2,759153.8999999999
Kaffrine,Birkelane,rural,services,341482,255262.4,467570.60000000003,229725.5,514532.25
Kaffrine,Birkelane,rural,small_business,223282,169935.8,287542.4,159292,308900
Kaffrine,Birkelane,rural,trades,249974.5,164284.1,383257.4000000001,142934.6,428190.4999999998
Kaffrine,Birkelane,urban,agri_aqua,158930,84964.8,289507.2,71106.85,352437.79999999976
Kaffrine,Birkelane,urban,livestock,60748.5,35429.5,101200.7,29467.350000000002,123392.99999999999
Kaffrine,Birkelane,urban,small_business,337800.5,234755.9,466743.5,214542.84999999998,523031.1499999999
Kaffrine,Birkelane,urban,trades,492450,303291,758683.2,273230.80000000005,878376.1999999998
Kaffrine,Kaffrine,rural,agri_aqua,127089.5,103333.5,158380.1,96477.8,167358.69999999998
Kaffrine,Kaffrine,rural,livestock,20149.5,15562.9,26834.5,14308.9,29450.09999999999
Kaffrine,Kaffrine,rural,professional,398242,286195.9,557433.8,260833.09999999998,611021.4
Kaffrine,Kaffrine,rural,services,273142.5,210182.40000000002,359731.5,195597.45,391516.99999999994
Kaffrine,Kaffrine,rural,small_business,121092,99452.29999999999,146914.7,93292.6,154896.59999999998
Kaffrine,Kaffrine,rural,trades,249050.5,161211.5,397803,141766.9,446447.6
Kaffrine,Kaffrine,urban,agri_aqua,190687,134792.8,268879.10000000003,123883.25,296442.14999999997
Kaffrine,Kaffrine,urban,livestock,32608,21671.699999999997,50089.4,19012,56207.44999999999
Kaffrine,Kaffrine,urban,professional,636403,495988.3,809956.7000000001,458530.75,883242.3999999999
Kaffrine,Kaffrine,urban,services,336820,261011.2,433229.4,244418.1,459855.1499999999
Kaffrine,Kaffrine,urban,small_business,176748,151287.9,209169.80000000002,145371.75,219556.85
Kaffrine,Kaffrine,urban,trades,529962,378054.10000000003,756358.5,333167.5,832736.7999999996
Kaffrine,Koungheul,rural,agri_aqua,82961.5,67673.7,101827.80000000002,64729.45,107536.95
Kaffrine,Koungheul,rural,livestock,35077,26543.7,46629.8,24549.6,51575.85
Kaffrine,Koungheul,rural,professional,342679,255930.7,455904.9,233473.85,500104.74999999994
Kaffrine,Koungheul,rural,services,286920,202561,379391.8,183902.6,413352.84999999986
Kaffrine,Koungheul,rural,small_business,138000,110590.8,171904.7,103295.1,181314.95
Kaffrine,Koungheul,rural,trades,243785.5,172067.5,357021.60000000003,156581.15000000002,397869.8
Kaffrine,Koungheul,urban,agri_aqua,116291,64092.5,204793.40000000002,55217.55,237222.09999999998
Kaffrine,Koungheul,urban,livestock,69375.5,36960.9,125989.70000000001,31962.25,144198.25
Kaffrine,Koungheul,urban,professional,686674,523939,916661,489756.85,1013367.4999999998
Kaffrine,Koungheul,urban,services,385870.5,270593.3,540753.5,248362.84999999998,590397.1999999998
Kaffrine,Koungheul,urban,small_business,215516.5,171298.3,273165,162907.2,292048.05
Kaffrine,Koungheul,urban,trades,470996.5,321468,676381.2,283584.95,747058.2999999999
Kaffrine,Malem Hoddar,rural,agri_aqua,93681,67496.09999999999,127696.3,62439.3,135980.39999999997
Kaffrine,Malem Hoddar,rural,livestock,30153,20690.300000000003,43268.7,19150.2,48604.2
Kaffrine,Malem Hoddar,rural,professional,401722.5,269205.8,605869.1000000001,232263.05,687304.9499999998
Kaffrine,Malem Hoddar,rural,services,349378,252365.4,489390.5,220905.85,540308.6499999999
Kaffrine,Malem Hoddar,rural,small_business,119966.5,93433.5,155293.50000000003,86598.95,167046.19999999998
Kaffrine,Malem Hoddar,rural,trades,265356.5,171556.2,409389.4,147310.94999999998,474731.1
Kaffrine,Malem Hoddar,urban,agri_aqua,168774.5,86535.5,313771.9,69538.65,379385.84999999986
Kaffrine,Malem Hoddar,urban,livestock,59049.5,29451.7,119951.70000000004,24472,154249.9
Kaffrine,Malem Hoddar,urban,professional,745574,506188.69999999995,1107123.3,451468.7,1236818.8499999999
Kaffrine,Malem Hoddar,urban,services,481665.5,335435.3,702595.1,298200.75000000006,802371.1999999998
Kaffrine,Malem Hoddar,urban,small_business,157733.5,117736.7,212933.9,107809.25,229389.45
Kaolack,Guinguineo,rural,agri_aqua,132830,103073.5,171210.1,92950.85,184648.05
Kaolack,Guinguineo,rural,livestock,71882.5,47756.3,99004.30000000002,43616.95,110523.7
Kaolack,Guinguineo,rural,professional,467349,333484.8,655416.1,306327.55,714995.8
Kaolack,Guinguineo,rural,services,355365,271834,495240.30000000005,251323.95,566910.05
Kaolack,Guinguineo,rural,small_business,118199,92506.1,155108.7,85839.45,164406.69999999998
Kaolack,Guinguineo,rural,trades,204861,126554.9,331050.6,101355.6,382790.0499999999
Kaolack,Guinguineo,urban,agri_aqua,210756,125099.70000000001,340084.30000000005,110765.79999999999,379994.49999999994
Kaolack,Guinguineo,urban,livestock,69592,37730.6,120688.40000000001,31775.4,142651.19999999998
Kaolack,Guinguineo,urban,professional,841437,610509.6,1126565.8,570668.95,1222138.15
Kaolack,Guinguineo,urban,services,492664.5,345420.89999999997,685250.1000000001,312289.05,749799.6
Kaolack,Guinguineo,urban,small_business,143349,104656.7,195434.40000000002,94483.75,209370.5
Kaolack,Guinguineo,urban,trades,385093,265917.1,560844.5,238282.84999999998,634234.6499999997
Kaolack,Kaolack,rural,agri_aqua,91292.5,77511.8,106828,74514.25,111906.34999999998
Kaolack,Kaolack,rural,livestock,46927,32890.8,68917.8,29492.3,79988.5
Kaolack,Kaolack,rural,professional,443189.5,341476.7,581137.7999999999,315833.4,638922.6
Kaolack,Kaolack,rural,services,401514.5,330065.9,493050.30000000005,312429.35,543376.35
Kaolack,Kaolack,rural,small_business,173197,142215.8,216926.60000000003,133804.5,234271.4
Kaolack,Kaolack,rural,trades,438470,345933.80000000005,555402.1,323248,593354.35
Kaolack,Kaolack,urban,agri_aqua,255564.5,151104.6,433096.60000000003,128834.7,510825.2499999997
Kaolack,Kaolack,urban,livestock,32946,21471,50520.3,19275.600000000002,56682.99999999998
Kaolack,Kaolack,urban,professional,834323,729346.1,953786.7999999999,697980.0499999999,994327.4999999999
Kaolack,Kaolack,urban,services,511441.5,445023.2,589714,428375.95,613099.55
Kaolack,Kaolack,urban,small_business,217258.5,190883.09999999998,244954.5,184483.25,253168.34999999998
Kaolack,Kaolack,urban,trades,654274,567236.4,756421.8999999999,540844.1,781699.6
Kaolack,Nioro,rural,agri_aqua,102540.5,88855.40000000001,117722,85261.84999999999,122373.45
Kaolack,Nioro,rural,livestock,59425.5,44361.4,80291.2,40134.6,89177.54999999996
Kaolack,Nioro,rural,professional,393571.5,291053.9,519196.1,268911.64999999997,552569.55
Kaolack,Nioro,rural,services,285267.5,223896.9,362754.4,210622.2,385291.0999999999
Kaolack,Nioro,rural,small_business,156167.5,131788.7,186642.59999999998,126481.4,195237.25
Kaolack,Nioro,rural,trades,239138,184093.6,306410.9,170243.44999999998,330024.8499999999
Kaolack,Nioro,urban,agri_aqua,153894,97451.9,249195.90000000002,80922.3,286030.8499999999
Kaolack,Nioro,urban,livestock,20825.5,10248.7,39982.700000000004,8416.1,46796.79999999999
Kaolack,Nioro,urban,professional,875536,659023,1214977.2,601568,1336274.7
Kaolack,Nioro,urban,services,364897,265962,483345.4,240918.15000000002,519613.3
Kaolack,Nioro,urban,small_business,197113,149237.4,255358.80000000002,136593.1,270579.44999999995
Kaolack,Nioro,urban,trades,557610,379883.9,802887.9000000001,330981,880495.6
Kedougou,Kedougou,rural,agri_aqua,70248,46533.9,103049.40000000001,42640.95,114085.34999999999
Kedougou,Kedougou,rural,livestock,34479,24648.8,47387.1,22953.1,51250.85
Kedougou,Kedougou,rural,professional,632277.5,467976.7,900287,431211.55,976140.6
Kedougou,Kedougou,rural,services,374249.5,296133.7,472130.9,274915.25,501501.39999999997
Kedougou,Kedougou,rural,small_business,175113,146967.9,210561.2,139363.35,221711.54999999996
Kedougou,Kedougou,rural,trades,330606.5,225517.6,491113.8,194775.8,563271.9
Kedougou,Kedougou,urban,agri_aqua,91745.5,61598.9,130636.09999999999,55141.3,143475.29999999996
Kedougou,Kedougou,urban,livestock,61302,41006.4,92302.4,36750.65,104258.29999999999
Kedougou,Kedougou,urban,professional,1054393,917749.7999999999,1217229.0000000002,880424.6499999999,1290529.9
Kedougou,Kedougou,urban,services,543825,468782.4,626825.3,453331.3,652066.8500000001
Kedougou,Kedougou,urban,small_business,233422,204789.9,265307.2,196727.55,275148.4
Kedougou,Kedougou,urban,trades,817958.5,660409.4,1013949.1,617930.9,1078908.7999999998
Kedougou,Salemata,rural,agri_aqua,84943,60315.1,118967.1,55254.600000000006,132188.19999999995
Kedougou,Salemata,rural,livestock,26237,18330.6,38366.4,16288.800000000001,43682
Kedougou,Salemata,rural,professional,373126,243088,545705.6000000001,210392.8,623417.8
Kedougou,Salemata,rural,services,290855,194778.1,400586.80000000005,174756.55000000002,441478.89999999997
Kedougou,Salemata,rural,small_business,107169,80620.59999999999,145501.9,74866.9,159135.24999999997
Kedougou,Salemata,urban,agri_aqua,67350.5,26297.4,176791.19999999998,19232.05,232847.84999999998
Kedougou,Salemata,urban,livestock,34895,19394.8,60236.50000000001,16699.850000000002,69329.9
Kedougou,Salemata,urban,professional,866474,577565.7,1278208.0000000002,506514.3,1407336.499999999
Kedougou,Salemata,urban,services,401825.5,273913.8,577747.5,248761.90000000002,641384.85
Kedougou,Salemata,urban,small_business,149035,102029,213936.6,92256.95,236799.24999999997
Kedougou,Saraya,rural,agri_aqua,61920.5,45350.1,86621.5,41343.200000000004,94477.54999999999
Kedougou,Saraya,rural,livestock,77699,52938.9,111110.8,47854.850000000006,122700.4
Kedougou,Saraya,rural,professional,389926,256236.2,588444.9,216867.65,678400.4500000001
Kedougou,Saraya,rural,services,388042,289281.3,535504.7000000001,264945.35,592974.2999999999
Kedougou,Saraya,rural,small_business,163790,139673,190072.9,133584.3,198816.9
Kedougou,Saraya,rural,trades,371504,256524.4,524115.2,227825.35,579748.7499999999
Kolda,Kolda,rural,agri_aqua,107777.5,86465.6,133288.6,81689,140029.8
Kolda,Kolda,rural,livestock,48242,36439.2,63267.600000000006,33471.5,69442.7
Kolda,Kolda,rural,professional,511310,377064.1,702410.1,342897.65,764212.9499999998
Kolda,Kolda,rural,services,293907.5,227384.7,376492,213095.65,398111.94999999995
Kolda,Kolda,rural,small_business,129396,103601.4,161227.5,97800.84999999999,170432.25
Kolda,Kolda,rural,trades,194041,141110,261444.1,128954.4,284180.8
Kolda,Kolda,urban,agri_aqua,73014.5,47840.100000000006,114727.1,41824.5,131240.19999999995
Kolda,Kolda,urban,livestock,24112,13344.6,42396.40000000001,10990.75,50884.35
Kolda,Kolda,urban,professional,800290.5,643507.7,1016655.8,606288.3500000001,1096220.7
Kolda,Kolda,urban,services,388376,303341.7,499812.5,281726,533821.7
Kolda,Kolda,urban,small_business,175790,146980.69999999998,207235.4,140324.35,218227.05
Kolda,Kolda,urban,trades,360667.5,277772.4,476610.89999999997,259870.2,521770.69999999995
Kolda,Medina Yoro Foulah,rural,agri_aqua,181249.5,142442.4,229088.4,131798.05000000002,247822.2
Kolda,Medina Yoro Foulah,rural,livestock,64277.5,43260.9,92483.8,37646.55,104208.29999999997
Kolda,Medina Yoro Foulah,rural,professional,387926.5,264842.6,556957,233885.75,640771.35
Kolda,Medina Yoro Foulah,rural,small_business,152590,107504.5,214384.6,99668.4,237273.69999999992
Kolda,Medina Yoro Foulah,rural,trades,261512,169056.6,400487.60000000003,152366.5,446825.04999999993
Kolda,Velingara,rural,agri_aqua,74241,61805.9,90203.90000000001,58197.50000000001,96509.45
Kolda,Velingara,rural,livestock,77666,60638.4,101976.8,56903.200000000004,112003.59999999999
Kolda,Velingara,rural,professional,402228.5,291078.1,551939.8,262102.55000000002,594303.95
Kolda,Velingara,rural,services,424094,334143.2,538922.9,308183,567875.8
Kolda,Velingara,rural,small_business,205256,164113.90000000002,253369.8,155287.69999999998,268821
Kolda,Velingara,rural,trades,205657.5,139868,291087.60000000003,126500.45,319562.94999999995
Kolda,Velingara,urban,agri_aqua,99536,72951.8,139089.9,66159.2,156896.9
Kolda,Velingara,urban,livestock,34750.5,20591.7,60541.600000000006,18028.85,70568.14999999997
Kolda,Velingara,urban,professional,899208,737218,1119696.4,695048.5,1172984.8499999996
Kolda,Velingara,urban,services,626497.5,498765.39999999997,771725.4,467504.25,839105.4999999999
Kolda,Velingara,urban,small_business,227426,180001.9,280016.1,170520.15,298519.74999999994
Kolda,Velingara,urban,trades,535337,416047.80000000005,694266.8,388206.5,748325.4999999999
Louga,Kebemer,rural,agri_aqua,118249,91335.5,156353.3,84923.25,168849.9
Louga,Kebemer,rural,livestock,48927,36507.600000000006,64784.799999999996,33860.1,70361.34999999999
Louga,Kebemer,rural,professional,473462,352175.8,617756.9,320883.14999999997,663674.3999999999
Louga,Kebemer,rural,services,355413.5,279364,469913.5,256173.69999999998,504358.64999999997
Louga,Kebemer,rural,small_business,109208,91387.5,129852.1,86875.6,138722.55
Louga,Kebemer,rural,trades,337732,244218.6,471556.60000000003,219721.7,523729.6
Louga,Kebemer,urban,agri_aqua,111572.5,52421.1,230826.80000000005,43004.350000000006,274695.04999999976
Louga,Kebemer,urban,livestock,64439.5,35540,121244.3,27922,140478.59999999998
Louga,Kebemer,urban,professional,1059629.5,811752.1,1365030.8,752964.1,1470311.3499999999
Louga,Kebemer,urban,services,464374.5,352149.39999999997,621562.5,319777.85,679461.3499999999
Louga,Kebemer,urban,small_business,153295,121130.8,194885.4,112918.15,206715.84999999998
Louga,Kebemer,urban,trades,499650.5,343417.6,718560.9,304645.89999999997,823849.85
Louga,Linguere,rural,agri_aqua,88011.5,64852.4,120166.3,59830.55,131636.05
Louga,Linguere,rural,livestock,96591.5,72904.2,125702,67435.75,134601.7
Louga,Linguere,rural,professional,444978.5,337977.60000000003,573941,308033.7,625461.3499999999
Louga,Linguere,rural,services,293305.5,226727,372308.4,211632.75,406885.8
Louga,Linguere,rural,small_business,97525,80212.5,117186.7,76011,124241.09999999999
Louga,Linguere,rural,trades,330421,247835.69999999998,442057,229480.94999999998,477781.5
Louga,Linguere,urban,agri_aqua,128093.5,87029.3,186216.6,77150.85,213071.44999999995
Louga,Linguere,urban,livestock,51913,34147.6,75915.6,29909,85304.59999999999
Louga,Linguere,urban,professional,932093,740494.9,1179152.5,706033.4,1258610.4
Louga,Linguere,urban,services,412238,311073.2,545163.5,285142.2,586324
Louga,Linguere,urban,small_business,150766,126457.90000000001,183754.6,119353.1,194852.15
Louga,Linguere,urban,trades,418353.5,281625,612860,246930.85,663808.2499999999
Louga,Louga,rural,agri_aqua,61821,47706.7,81325.4,43757.6,87562.24999999999
Louga,Louga,rural,livestock,67848.5,52325,88648.6,48339.3,96496.4
Louga,Louga,rural,professional,446028.5,309328.30000000005,631186.5,270479.4,688227.95
Louga,Louga,rural,services,378569.5,308407.4,476746.60000000003,292940.4,504465.4999999999
Louga,Louga,rural,small_business,137446.5,105514.6,173279.1,98899.3,183169.80000000002
Louga,Louga,rural,trades,313782,215191.6,474067.50000000006,192452.75,525194.5
Louga,Louga,urban,agri_aqua,89324.5,44432.8,177853.2,35459.450000000004,210243.44999999998
Louga,Louga,urban,livestock,85959.5,58153.200000000004,129098.50000000001,52164.950000000004,145314.64999999994
Louga,Louga,urban,professional,1051091.5,898667.6,1229319,851654,1292171.95
Louga,Louga,urban,services,482949.5,403124.19999999995,579301.3,381650.5,611296.7000000001
Louga,Louga,urban,small_business,239435,202247.3,279393.9,193098.2,292838.4
Louga,Louga,urban,trades,797097,690949.2999999999,913097.1,668547.4,944935.7999999999
Matam,Kanel,rural,agri_aqua,88934,54202.8,145252,48396.4,164294.34999999998
Matam,Kanel,rural,livestock,90468,65633,123793.1,59935.399999999994,136552.89999999997
Matam,Kanel,rural,professional,351358,225993.5,495571.4,197941.65000000002,552772.2
Matam,Kanel,rural,services,296495.5,214328,400208.5,194293.9,444537.35
Matam,Kanel,rural,small_business,104063,79167.1,132166.9,74719.75,141984.5
Matam,Kanel,rural,trades,206987,147509.2,294312.3,131915.94999999998,322558.44999999995
Matam,Kanel,urban,agri_aqua,147249,90091.6,238681.1,75369,284195.89999999997
Matam,Kanel,urban,livestock,87519,57741,125711.1,50866,139613.39999999997
Matam,Kanel,urban,professional,577267.5,418519.5,807401.7000000001,384493.55000000005,886502.5
Matam,Kanel,urban,services,375523,266481.9,522468.80000000005,239677.2,574670.4499999998
Matam,Kanel,urban,small_business,144625,114508,184546.5,107060.90000000001,198262.8
Matam,Kanel,urban,trades,374897,283543.4,506339.2,257347.05000000002,550597.8499999999
Matam,Matam,rural,agri_aqua,45090.5,31146.6,64904.799999999996,28164.300000000003,71569.29999999999
Matam,Matam,rural,livestock,101322,77296.5,133508.9,70562,144927.9
Matam,Matam,rural,professional,422674,310614.60000000003,580795.7,285696.44999999995,621115.45
Matam,Matam,rural,services,347102.5,265305.5,456986.8,242698.7,496444.2499999999
Matam,Matam,rural,small_business,207912.5,155943.09999999998,272027.3,143772.55000000002,291862.0999999999
Matam,Matam,rural,trades,263582,175331.3,391221.6,151207.65,435603.04999999993
Matam,Matam,urban,agri_aqua,79572.5,33790.8,190120.1,25160.55,241096.1999999999
Matam,Matam,urban,livestock,63694,39258.9,104354.8,33437,119841.95
Matam,Matam,urban,professional,988568,774153.7999999999,1268522.8,720723.2,1349137.55
Matam,Matam,urban,services,462936.5,350444.8,612148.9,323271.8,659839.7000000001
Matam,Matam,urban,small_business,352027,278273.6,452120.4,261180.1,486793.7
Matam,Matam,urban,trades,488494.5,349432.9,703131.8,323846.69999999995,763121.7999999999
Matam,Ranerou,rural,agri_aqua,100355,51831.6,187893.10000000003,43679.2,224029.74999999988
Matam,Ranerou,rural,livestock,92857,66370.2,130397.90000000002,60408.2,143312.90000000002
Matam,Ranerou,rural,professional,412780,267115.6,630924.5,237945.45,721984.4
Matam,Ranerou,rural,small_business,193134,127971.6,293635.9,115696.45,330154.49999999994
Saint-Louis,Dagana,rural,agri_aqua,210596.5,158350.7,288489.9,147262.3,307074.99999999994
Saint-Louis,Dagana,rural,livestock,46570,34866.7,63160,31878.95,68769.6
Saint-Louis,Dagana,rural,professional,429367.5,310285.5,604654.8,279188.3,667616.6
Saint-Louis,Dagana,rural,services,277135,215499.7,354477.5,200404.5,380463.6
Saint-Louis,Dagana,rural,small_business,77635,61608.4,99482.6,57472.15,108508
Saint-Louis,Dagana,rural,trades,235948,169973.30000000002,318071.60000000003,156977.30000000002,353724.44999999995
Saint-Louis,Dagana,urban,agri_aqua,187857.5,121102.5,291528.2,110832.29999999999,320182.29999999993
Saint-Louis,Dagana,urban,livestock,51393,31737.1,81108.40000000001,28383.6,93711.54999999997
Saint-Louis,Dagana,urban,professional,622125,477562.2,784469.0000000001,445440,837442.35
Saint-Louis,Dagana,urban,services,332869.5,255645.4,433982.6,238272.3,463053.6
Saint-Louis,Dagana,urban,small_business,75837,60089.2,95928.8,56282.75,101861.65
Saint-Louis,Dagana,urban,trades,635573,538950,734714.1,512478.55,759945
Saint-Louis,Podor,rural,agri_aqua,68708.5,47720.4,101673.40000000001,41025.25,113198.04999999999
Saint-Louis,Podor,rural,livestock,96142.5,73018.29999999999,126044.3,67991.5,136183.9
Saint-Louis,Podor,rural,professional,365521,265072.6,495476.9,240804.2,550819.0999999999
Saint-Louis,Podor,rural,services,342917.5,250829.80000000002,479783.80000000005,227226.05000000002,519554.95
Saint-Louis,Podor,rural,small_business,90948.5,72157,117522.7,66947.25,126931.24999999999
Saint-Louis,Podor,rural,trades,441419.5,333722.30000000005,587706.8,309497.5,632502.45
Saint-Louis,Podor,urban,agri_aqua,83343.5,46492.3,152752.5,39982.2,182154.74999999994
Saint-Louis,Podor,urban,livestock,26274.5,12890.8,51661.8,10062.8,64615.04999999999
Saint-Louis,Podor,urban,professional,613512.5,431262.5,842000,386095.1,943545.7
Saint-Louis,Podor,urban,services,425064.5,289875.6,630304.6000000001,255841.05000000002,692278.4499999996
Saint-Louis,Podor,urban,small_business,113879.5,84576.3,147996,78239.45,158407.4
Saint-Louis,Podor,urban,trades,392085,233014.30000000002,606817,195650.15,683177.35
Sedhiou,Bounkiling,rural,agri_aqua,105106,82600.9,132695.7,74998.3,142852.85
Sedhiou,Bounkiling,rural,livestock,42189,30266.8,59678.4,27611.05,66561.65
Sedhiou,Bounkiling,rural,professional,484015,359731.6,686411.9,336028.3,741422.5499999999
Sedhiou,Bounkiling,rural,services,351360.5,260491.59999999998,458517.3,242135.65,493122.19999999984
Sedhiou,Bounkiling,rural,small_business,172664.5,140348.4,210410,131822.05,225184.9
Sedhiou,Bounkiling,rural,trades,247454.5,191545.3,329750.10000000003,180613.80000000002,362910.15
Sedhiou,Bounkiling,urban,agri_aqua,151567.5,95634.6,233874.80000000002,81271.84999999999,269785.44999999995
Sedhiou,Bounkiling,urban,livestock,43235.5,23038.399999999998,77066.7,20196.25,92576.34999999998
Sedhiou,Bounkiling,urban,professional,583256,409118.6,842754.6000000001,367832.10000000003,933132.45
Sedhiou,Bounkiling,urban,services,501902,357628.39999999997,681236.2000000001,326988.35,762711.4499999998
Sedhiou,Bounkiling,urban,small_business,245836,198523,306390.4,186603.75,325996.89999999997
Sedhiou,Bounkiling,urban,trades,646229.5,449253.8,896254.4,407624.85000000003,986278.8999999999
Sedhiou,Goudomp,rural,agri_aqua,85190.5,63526.7,113615.1,58880.75,123403.69999999998
Sedhiou,Goudomp,rural,livestock,20946.5,12437.3,36666.2,10685.2,42341.04999999999
Sedhiou,Goudomp,rural,professional,376116.5,233331.09999999998,556682.3,204109.9,617862.35
Sedhiou,Goudomp,rural,services,355552.5,267752.3,504354.80000000005,245246.9,570625.8499999996
Sedhiou,Goudomp,rural,small_business,159561.5,129679.29999999999,200858.7,121790.75,214380.69999999998
Sedhiou,Goudomp,rural,trades,294083.5,225072.40000000002,384102,210111.5,412268.94999999995
Sedhiou,Goudomp,urban,agri_aqua,100934,68650,156232.2,61218.15,178917.55
Sedhiou,Goudomp,urban,livestock,20359.5,9221.4,41464.399999999994,7604.1,53244.35
Sedhiou,Goudomp,urban,professional,935304.5,741951.2,1183315.1,678070.45,1260377.2000000002
Sedhiou,Goudomp,urban,services,499481.5,363483,679947.8,331589.55,749010.1499999999
Sedhiou,Goudomp,urban,small_business,189139,148428.7,238690.1,140201.35,257624.89999999994
Sedhiou,Goudomp,urban,trades,571237,428617.2,776354.1,391710.55000000005,866699.9499999998
Sedhiou,Sedhiou,rural,agri_aqua,128977.5,92101.29999999999,179528.1,84793.5,195769.44999999998
Sedhiou,Sedhiou,rural,livestock,60159.5,39208.2,91878.3,34729.7,103082.99999999999
Sedhiou,Sedhiou,rural,professional,320513,217986.90000000002,463490,193256.85,497088.94999999995
Sedhiou,Sedhiou,rural,services,355158,274129,465991.30000000005,254604.7,497028.8
Sedhiou,Sedhiou,rural,small_business,184011,144630.2,231711.9,137758.45,246130.15
Sedhiou,Sedhiou,rural,trades,258005.5,190829.69999999998,357027.69999999995,175228.90000000002,379991.5
Sedhiou,Sedhiou,urban,agri_aqua,100065,57783,181050.5,48248.15,205669.5499999999
Sedhiou,Sedhiou,urban,livestock,24229,10432.1,49318.200000000004,8423.25,62853.999999999985
Sedhiou,Sedhiou,urban,professional,904452,741009.1000000001,1117205.4000000001,691238,1191927.8499999999
Sedhiou,Sedhiou,urban,services,516610,402984.7,669805.2,375069.3,712271.2000000001
Sedhiou,Sedhiou,urban,small_business,281771,232467,340722.9,221983.45,360977.5999999999
Sedhiou,Sedhiou,urban,trades,628382,452217.1,859052,414075.30000000005,958708.8999999998
Tambacounda,Bakel,rural,agri_aqua,59454,37539,91370.1,32955.55,102861.44999999998
Tambacounda,Bakel,rural,livestock,59208,40457.8,89846.8,36004.6,100994.19999999998
Tambacounda,Bakel,rural,professional,456077.5,287599.3,693753.6000000001,250413.9,783129.6499999999
Tambacounda,Bakel,rural,small_business,164113,134910.5,205399,124817.6,220607.95
Tambacounda,Bakel,rural,trades,434608,302285.4,613338.2000000001,275961.19999999995,678252.55
Tambacounda,Bakel,urban,agri_aqua,210264,96280.2,473146.1000000001,79450.70000000001,614639.6
Tambacounda,Bakel,urban,livestock,61260,33297.3,111917.3,27578.5,142800.09999999995
Tambacounda,Bakel,urban,professional,931524,684344.4,1244686.6,625262.9,1352957.3499999999
Tambacounda,Bakel,urban,services,576196,428621.4,794244.9,393970.44999999995,868170.3
Tambacounda,Bakel,urban,small_business,227496.5,169353.4,296824.39999999997,155459.85,322560.85
Tambacounda,Bakel,urban,trades,578213.5,382442.1,875491.8,341044.4,981322.4999999999
Tambacounda,Goudiry,rural,agri_aqua,135813,90667.20000000001,202755.00000000003,83459.20000000001,221706.6
Tambacounda,Goudiry,rural,livestock,69072,44631.399999999994,110579.90000000001,39312.649999999994,128201.15
Tambacounda,Goudiry,rural,professional,412716.5,282674.1,577930.6,259757.75,624152.5499999999
Tambacounda,Goudiry,rural,small_business,148469.5,107462.7,199636.19999999998,98546.25,219851.79999999996
Tambacounda,Goudiry,rural,trades,285571,194371.7,427575.6,167503.5,478363.8999999998
Tambacounda,Goudiry,urban,livestock,45910.5,19516.100000000002,95420.80000000003,15157.099999999999,128808.69999999998
Tambacounda,Goudiry,urban,professional,884675,613052.6,1332735.3,551839.6,1458751.25
Tambacounda,Goudiry,urban,small_business,212701,147284,303196.10000000003,130991.75,333159.35
Tambacounda,Goudiry,urban,trades,490772.5,316624.80000000005,740048.6000000001,275718.45,810427.3499999997
Tambacounda,Koupentoum,rural,agri_aqua,55702.5,44029.5,72446.5,41270.15,78891.35
Tambacounda,Koupentoum,rural,livestock,43211,30662.800000000003,60802.8,28204.15,67815.59999999999
Tambacounda,Koupentoum,rural,professional,343970.5,217967.8,495893.9,196422.6,553042.2499999999
Tambacounda,Koupentoum,rural,services,320206.5,244559.5,421010.9,220319.9,455592.19999999995
Tambacounda,Koupentoum,rural,small_business,150444,117413.40000000001,195004.9,108665.8,208727.15
Tambacounda,Koupentoum,rural,trades,301917.5,193004.8,476168.4,168041.45,523716.9499999999
Tambacounda,Koupentoum,urban,agri_aqua,108438.5,48563.3,268522.10000000003,37366.2,344915.44999999984
Tambacounda,Koupentoum,urban,livestock,41580.5,22760.5,77163.6,18380.45,90861.99999999996
Tambacounda,Koupentoum,urban,services,425070,304368.9,586020.7000000001,274620.4,634123.7499999999
Tambacounda,Koupentoum,urban,small_business,194343.5,139777.6,275833.7,123169.1,301577.8
Tambacounda,Koupentoum,urban,trades,580004.5,360968.30000000005,862969.7000000001,310479.8,999976.7
Tambacounda,Tambacounda,rural,agri_aqua,49939.5,37989.2,67459.3,34426.549999999996,74117.29999999999
Tambacounda,Tambacounda,rural,livestock,59549,44606.1,81243.40000000001,40841.4,86418.25
Tambacounda,Tambacounda,rural,professional,427757,337819.6,558470.3,308878.55000000005,611022.4999999999
Tambacounda,Tambacounda,rural,services,315191,240780.5,398589.4,218626.80000000002,422683.05
Tambacounda,Tambacounda,rural,small_business,148581,126197.29999999999,177126.6,120582.9,186853.1
Tambacounda,Tambacounda,rural,trades,638532,543863.2000000001,745395.8,518342.25,779866.6499999999
Tambacounda,Tambacounda,urban,agri_aqua,148015,75725.20000000001,276224,61740.65,345112.55
Tambacounda,Tambacounda,urban,livestock,43871,22853.7,81145.3,19006.75,94907.84999999995
Tambacounda,Tambacounda,urban,professional,603072.5,499742.5,731235.8,471100.3,771290.8999999999
Tambacounda,Tambacounda,urban,services,471888,378249.4,579010.5,358031.55,615777.7999999999
Tambacounda,Tambacounda,urban,small_business,190367.5,162127.4,225750.9,153971.75,237117.9
Tambacounda,Tambacounda,urban,trades,587016,413108,820794.5,379127.4,910825.1999999998
Thies,M'bour,rural,agri_aqua,61231,41205.3,93960.50000000001,36537.049999999996,105374.09999999999
Thies,M'bour,rural,livestock,27889,21028.7,36940.700000000004,19798.8,40239.9
Thies,M'bour,rural,professional,514283.5,389583.4,678195.1000000001,360337.7,732434.9
Thies,M'bour,rural,services,406456.5,330765.2,503458.6,308088.4,532652.7
Thies,M'bour,rural,small_business,138826.5,115767.5,165146.1,108893.59999999999,174310.55
Thies,M'bour,rural,trades,347733.5,262888.60000000003,465879.9,240632.69999999998,506650.24999999994
Thies,M'bour,urban,agri_aqua,333482.5,168610.09999999998,721582.6,135868.35,876030.7
Thies,M'bour,urban,livestock,52272.5,32242.7,80290.4,27778.45,91888.65
Thies,M'bour,urban,professional,605465,507943.6,717027.8,481272.7,760050.2
Thies,M'bour,urban,services,630366.5,521641.19999999995,774679.4,496225.5,814558.7
Thies,M'bour,urban,small_business,201561,169502.9,245352.1,159540.55000000002,262049.09999999998
Thies,M'bour,urban,trades,878233.5,736079.1000000001,1036941.3,708810.1,1079931.9999999998
Thies,Thies,rural,agri_aqua,150847.5,107332.8,213114.40000000002,98985.95000000001,227308.84999999998
Thies,Thies,rural,livestock,48799.5,35855.5,68473.2,31830.550000000003,74624.45
Thies,Thies,rural,professional,417157,313961.8,550077.6,290316.6,585457.4999999999
Thies,Thies,rural,services,351236.5,277289.10000000003,438663.10000000003,263741.7,469906.95
Thies,Thies,rural,small_business,159818.5,128727.5,196354.80000000002,118884.05,207627.19999999995
Thies,Thies,rural,trades,313803.5,242939,403985.30000000005,228537.8,435523.85
Thies,Thies,urban,agri_aqua,1450027.5,863385.4,2189771.9000000004,729873.9,2526223.0999999996
Thies,Thies,urban,livestock,79264,46931.9,137661.80000000002,40261.649999999994,158336.6499999999
Thies,Thies,urban,professional,758364.5,646718,898757.2,619832.85,943744.85
Thies,Thies,urban,services,541617.5,448151.4,654079,424876.5,696885.7999999999
Thies,Thies,urban,small_business,248446.5,207538.2,300333.1,196980.2,320188.25
Thies,Thies,urban,trades,784190.5,661513.3,924981.5000000001,633079.6499999999,966660.0499999999
Thies,Tivaouane,rural,agri_aqua,165982,131472.9,207716.60000000003,124354.9,221474.9
Thies,Tivaouane,rural,livestock,49628,36178.3,70136.6,33022.4,76534.79999999999
Thies,Tivaouane,rural,professional,515864.5,409509.5,648170.6,380526.1,693577.45
Thies,Tivaouane,rural,services,422199.5,330185.7,558823.1,309243.35,612538.25
Thies,Tivaouane,rural,small_business,177183.5,147300.3,216278.6,139099.94999999998,227315.74999999994
Thies,Tivaouane,rural,trades,510007.5,399444.9,642250.7000000001,370233.65,689698.35
Thies,Tivaouane,urban,livestock,91210.5,47078.5,185678,39692,221582.19999999995
Thies,Tivaouane,urban,professional,857484,681903.9,1066304.7,624056.85,1142531.85
Thies,Tivaouane,urban,services,515086.5,381091,676347.7999999999,339879.3,740573.0499999999
Thies,Tivaouane,urban,small_business,264293.5,212057.2,329515.60000000003,200074.7,346668.45
Thies,Tivaouane,urban,trades,771084,575310.1,1026781.5000000001,509767.55,1117370.2
Ziguinchor,Bignona,rural,agri_aqua,103759.5,73166.2,143885.1,65156.35,159957.89999999997
Ziguinchor,Bignona,rural,livestock,41241.5,27229.800000000003,62204.40000000001,23621.1,70752.9
Ziguinchor,Bignona,rural,professional,758824.5,580933.8,995105.4,542669.55,1078925.0499999998
Ziguinchor,Bignona,rural,services,356796.5,289427.2,440440.50000000006,272158.6,467758.94999999995
Ziguinchor,Bignona,rural,small_business,141664.5,120147.3,172359,113143.05,181897.4
Ziguinchor,Bignona,rural,trades,307795.5,234532.8,400109.4,218370.8,426004.14999999997
Ziguinchor,Bignona,urban,agri_aqua,61961,34615.7,117596.90000000002,29238.7,140984.65
Ziguinchor,Bignona,urban,livestock,58933.5,27065.600000000002,142580.4,21876.2,189596.6999999999
Ziguinchor,Bignona,urban,professional,794616,529632.1,1185736.5,480298.1,1319735.8499999999
Ziguinchor,Bignona,urban,services,433017,325036.3,572303.8,291553.95,614481.6499999999
Ziguinchor,Bignona,urban,small_business,181042,137400.4,230437.20000000004,126535.75,250453.45
Ziguinchor,Bignona,urban,trades,370088.5,266285.10000000003,526707.5,243831.80000000002,584239.5499999996
Ziguinchor,Oussouye,rural,agri_aqua,134830.5,84559.59999999999,224632.2,71635.95,250265.04999999993
Ziguinchor,Oussouye,rural,professional,405391.5,286933.2,599075.6000000001,255052.05000000002,661396.9499999996
Ziguinchor,Oussouye,rural,services,309943.5,225301.7,412125.8,203063.34999999998,446372.4499999999
Ziguinchor,Oussouye,rural,small_business,250164,165734,396887.8,151327.55000000002,437411.54999999993
Ziguinchor,Oussouye,rural,trades,227944.5,157591.9,328414.9,141573.55000000002,365887.85
Ziguinchor,Ziguinchor,rural,agri_aqua,70860.5,41442.5,126936.20000000001,34837.2,151145.64999999997
Ziguinchor,Ziguinchor,rural,livestock,46220.5,22948.9,88358.5,18982.300000000003,106681.69999999995
Ziguinchor,Ziguinchor,rural,professional,496636.5,349858.4,753248.3,317005.15,837707.7499999999
Ziguinchor,Ziguinchor,rural,services,330007.5,269686.3,412132.80000000005,250277.55,446583.75
Ziguinchor,Ziguinchor,rural,small_business,144071.5,113861.2,178128.2,102870.95,189301.89999999997
Ziguinchor,Ziguinchor,rural,trades,233377,151175,367329.4,131401.65,418648.7999999998
Ziguinchor,Ziguinchor,urban,agri_aqua,99877,60586.8,168331.2,51504.15,200967.15
Ziguinchor,Ziguinchor,urban,livestock,16248.5,10515.800000000001,27106.600000000002,9378.15,31219.099999999995
Ziguinchor,Ziguinchor,urban,professional,689640.5,585436.6,807542.1,553786.6000000001,850692.5
Ziguinchor,Ziguinchor,urban,services,445490,384536.80000000005,513896.2,368855.4,535660.4
Ziguinchor,Ziguinchor,urban,small_business,212524.5,179750.1,248415.80000000002,170675.3,258224.39999999994
Ziguinchor,Ziguinchor,urban,trades,395302,316574.7,497862.60000000003,297349.35,530456.3999999999
NA,Saint.Louis,rural,agri_aqua,73234,51236.1,104804.2,45147.3,115882.9
NA,Saint.Louis,rural,livestock,94483.5,58100.1,149142.80000000002,49859.95,174346.15
NA,Saint.Louis,rural,professional,397998,279100.3,549771.4,254294.25,606105.85
NA,Saint.Louis,rural,services,328001,250700.7,427329.00000000006,230060.1,464450
NA,Saint.Louis,rural,small_business,119837,96561.1,150172.1,91355.5,159428.65
NA,Saint.Louis,rural,trades,325226.5,227484.59999999998,466840.7,207214.84999999998,514536.69999999984
NA,Saint.Louis,urban,agri_aqua,1050037,608780.6,1699109.9000000004,507800.2,1947333.5499999998
NA,Saint.Louis,urban,livestock,43381,28844.5,67391.4,25846.649999999998,76558.24999999997
NA,Saint.Louis,urban,professional,819539,634491.9,1109845.9,594464.2000000001,1196616.5
NA,Saint.Louis,urban,services,425604,352854,526233.9,328009,547270.6
NA,Saint.Louis,urban,small_business,156241.5,129300,190977.80000000002,123926.40000000001,201165.15
NA,Saint.Louis,urban,trades,564807,461587.2,691604.2,438280.94999999995,727588
